#LB_label,#LA_label,#ID,ChargeTransfer,Me,nAT,nH,nROCON,nN(CO)2,nArX,N-075,la_AMW,la_nAT,la_nB,la_nHM,la_H-050
1,1,C6H8N2O:AlCl3,-0.14156,1.01,17,8,0,0,0,0,33.33,4,0,1,0
1,2,C6H8N2O:AlH3,-0.12866,1.01,17,8,0,0,0,0,7.5,4,0,1,3
1,3,C6H8N2O:C18F15Al,-0.11996,1.01,17,8,0,0,0,0,15.53,34,0,1,0
1,4,C6H8N2O:C3H9Al,-0.1018,1.01,17,8,0,0,0,0,5.55,13,0,1,0
1,5,C6H8N2O:C2H5AlCl2,-0.12956,1.01,17,8,0,0,0,0,12.7,10,0,1,0
1,6,C6H8N2O:BH3,-0.3048,1.01,17,8,0,0,0,0,3.46,4,1,0,3
1,7,C6H8N2O:BF3,-0.23782,1.01,17,8,0,0,0,0,16.95,4,1,0,0
1,8,C6H8N2O:BCl3,-0.28648,1.01,17,8,0,0,0,0,29.29,4,1,0,0
1,9,C6H8N2O:BBr3,-0.26954,1.01,17,8,0,0,0,0,62.63,4,1,0,0
1,10,C6H8N2O:C18BF15,-0.29654,1.01,17,8,0,0,0,0,15.06,34,1,0,0
1,11,C6H8N2O:BI3,-0.23184,1.01,17,8,0,0,0,0,97.88,4,1,0,0
2,1,C8H7NO2S:AlCl3,-0.12384,1.03,19,7,0,1,0,0,33.33,4,0,1,0
2,2,C8H7NO2S:AlH3,-0.07844,1.03,19,7,0,1,0,0,7.5,4,0,1,3
2,3,C8H7NO2S:C18F15Al,-0.12638,1.03,19,7,0,1,0,0,15.53,34,0,1,0
2,4,C8H7NO2S:C3H9Al,-0.07512,1.03,19,7,0,1,0,0,5.55,13,0,1,0
2,5,C8H7NO2S:C2H5AlCl2,-0.11008,1.03,19,7,0,1,0,0,12.7,10,0,1,0
2,6,C8H7NO2S:BH3,-0.26422,1.03,19,7,0,1,0,0,3.46,4,1,0,3
2,7,C8H7NO2S:BF3,-0.14992,1.03,19,7,0,1,0,0,16.95,4,1,0,0
2,8,C8H7NO2S:BCl3,-0.25678,1.03,19,7,0,1,0,0,29.29,4,1,0,0
2,9,C8H7NO2S:BBr3,-0.25028,1.03,19,7,0,1,0,0,62.63,4,1,0,0
2,11,C8H7NO2S:BI3,-0.19442,1.03,19,7,0,1,0,0,97.88,4,1,0,0
2,12,C8H7NO2S:O2S,-0.0223,1.03,19,7,0,1,0,0,21.36,3,0,0,0
3,1,C7H8N2O2S:AlCl3,-0.10326,1.03,20,8,0,2,0,0,33.33,4,0,1,0
3,2,C7H8N2O2S:AlH3,-0.0681,1.03,20,8,0,2,0,0,7.5,4,0,1,3
3,3,C7H8N2O2S:C18F15Al,-0.201,1.03,20,8,0,2,0,0,15.53,34,0,1,0
3,5,C7H8N2O2S:C2H5AlCl2,-0.08494,1.03,20,8,0,2,0,0,12.7,10,0,1,0
3,6,C7H8N2O2S:BH3,-0.22192,1.03,20,8,0,2,0,0,3.46,4,1,0,3
3,7,C7H8N2O2S:BF3,0.00218,1.03,20,8,0,2,0,0,16.95,4,1,0,0
3,8,C7H8N2O2S:BCl3,-0.0014,1.03,20,8,0,2,0,0,29.29,4,1,0,0
3,11,C7H8N2O2S:BI3,0.01072,1.03,20,8,0,2,0,0,97.88,4,1,0,0
4,1,C10H16N2O2:AlCl3,-0.13576,1.0,30,16,0,0,0,0,33.33,4,0,1,0
4,2,C10H16N2O2:AlH3,-0.10774,1.0,30,16,0,0,0,0,7.5,4,0,1,3
4,3,C10H16N2O2:C18F15Al,-0.13932,1.0,30,16,0,0,0,0,15.53,34,0,1,0
4,4,C10H16N2O2:C3H9Al,-0.08454,1.0,30,16,0,0,0,0,5.55,13,0,1,0
4,5,C10H16N2O2:C2H5AlCl2,-0.12194,1.0,30,16,0,0,0,0,12.7,10,0,1,0
4,6,C10H16N2O2:BH3,-0.28116,1.0,30,16,0,0,0,0,3.46,4,1,0,3
4,7,C10H16N2O2:BF3,-0.21876,1.0,30,16,0,0,0,0,16.95,4,1,0,0
4,8,C10H16N2O2:BCl3,-0.28102,1.0,30,16,0,0,0,0,29.29,4,1,0,0
4,9,C10H16N2O2:BBr3,-0.27182,1.0,30,16,0,0,0,0,62.63,4,1,0,0
4,10,C10H16N2O2:C18BF15,-0.30786,1.0,30,16,0,0,0,0,15.06,34,1,0,0
4,11,C10H16N2O2:BI3,-0.23758,1.0,30,16,0,0,0,0,97.88,4,1,0,0
4,12,C10H16N2O2:O2S,-0.07768,1.0,30,16,0,0,0,0,21.36,3,0,0,0
5,1,C9H9N3OS:AlCl3,-0.11056,1.02,23,9,0,0,0,0,33.33,4,0,1,0
5,2,C9H9N3OS:AlH3,-0.1036,1.02,23,9,0,0,0,0,7.5,4,0,1,3
5,3,C9H9N3OS:C18F15Al,-0.11854,1.02,23,9,0,0,0,0,15.53,34,0,1,0
5,4,C9H9N3OS:C3H9Al,-0.09272,1.02,23,9,0,0,0,0,5.55,13,0,1,0
5,5,C9H9N3OS:C2H5AlCl2,-0.1039,1.02,23,9,0,0,0,0,12.7,10,0,1,0
5,6,C9H9N3OS:BH3,-0.28864,1.02,23,9,0,0,0,0,3.46,4,1,0,3
5,7,C9H9N3OS:BF3,-0.23164,1.02,23,9,0,0,0,0,16.95,4,1,0,0
5,8,C9H9N3OS:BCl3,-0.23578,1.02,23,9,0,0,0,0,29.29,4,1,0,0
5,9,C9H9N3OS:BBr3,-0.20826,1.02,23,9,0,0,0,0,62.63,4,1,0,0
5,11,C9H9N3OS:BI3,-0.15244,1.02,23,9,0,0,0,0,97.88,4,1,0,0
6,1,C5H5NO2S:AlCl3,-0.10348,1.04,14,5,1,1,0,0,33.33,4,0,1,0
6,2,C5H5NO2S:AlH3,-0.0668,1.04,14,5,1,1,0,0,7.5,4,0,1,3
6,3,C5H5NO2S:C18F15Al,-0.09806,1.04,14,5,1,1,0,0,15.53,34,0,1,0
6,4,C5H5NO2S:C3H9Al,-0.01694,1.04,14,5,1,1,0,0,5.55,13,0,1,0
6,5,C5H5NO2S:C2H5AlCl2,-0.0772,1.04,14,5,1,1,0,0,12.7,10,0,1,0
6,6,C5H5NO2S:BH3,-0.21602,1.04,14,5,1,1,0,0,3.46,4,1,0,3
6,7,C5H5NO2S:BF3,0.001,1.04,14,5,1,1,0,0,16.95,4,1,0,0
6,8,C5H5NO2S:BCl3,-0.00338,1.04,14,5,1,1,0,0,29.29,4,1,0,0
6,9,C5H5NO2S:BBr3,-0.00204,1.04,14,5,1,1,0,0,62.63,4,1,0,0
7,1,C5H5NOS2:AlCl3,-0.10176,1.02,14,5,1,1,0,0,33.33,4,0,1,0
7,2,C5H5NOS2:AlH3,-0.05672,1.02,14,5,1,1,0,0,7.5,4,0,1,3
7,3,C5H5NOS2:C18F15Al,-0.09608,1.02,14,5,1,1,0,0,15.53,34,0,1,0
7,4,C5H5NOS2:C3H9Al,-0.00936,1.02,14,5,1,1,0,0,5.55,13,0,1,0
7,5,C5H5NOS2:C2H5AlCl2,-0.07284,1.02,14,5,1,1,0,0,12.7,10,0,1,0
7,6,C5H5NOS2:BH3,-0.1985,1.02,14,5,1,1,0,0,3.46,4,1,0,3
7,7,C5H5NOS2:BF3,0.00168,1.02,14,5,1,1,0,0,16.95,4,1,0,0
7,8,C5H5NOS2:BCl3,-0.00552,1.02,14,5,1,1,0,0,29.29,4,1,0,0
7,9,C5H5NOS2:BBr3,-0.00546,1.02,14,5,1,1,0,0,62.63,4,1,0,0
8,1,C5H3N3S:AlCl3,-0.1511,1.03,12,3,0,0,0,3,33.33,4,0,1,0
8,2,C5H3N3S:AlH3,-0.13718,1.03,12,3,0,0,0,3,7.5,4,0,1,3
8,3,C5H3N3S:C18F15Al,-0.16052,1.03,12,3,0,0,0,3,15.53,34,0,1,0
8,4,C5H3N3S:C3H9Al,-0.12624,1.03,12,3,0,0,0,3,5.55,13,0,1,0
8,5,C5H3N3S:C2H5AlCl2,-0.14268,1.03,12,3,0,0,0,3,12.7,10,0,1,0
8,6,C5H3N3S:BH3,-0.2971,1.03,12,3,0,0,0,3,3.46,4,1,0,3
8,7,C5H3N3S:BF3,-0.2868,1.03,12,3,0,0,0,3,16.95,4,1,0,0
8,8,C5H3N3S:BCl3,-0.2963,1.03,12,3,0,0,0,3,29.29,4,1,0,0
8,9,C5H3N3S:BBr3,-0.269,1.03,12,3,0,0,0,3,62.63,4,1,0,0
8,10,C5H3N3S:C18BF15,-0.3492,1.03,12,3,0,0,0,3,15.06,34,1,0,0
8,11,C5H3N3S:BI3,-0.19578,1.03,12,3,0,0,0,3,97.88,4,1,0,0
8,12,C5H3N3S:O2S,-0.10498,1.03,12,3,0,0,0,3,21.36,3,0,0,0
9,1,C16H10N2S2:AlCl3,-0.17646,1.0,30,10,0,0,0,2,33.33,4,0,1,0
9,2,C16H10N2S2:AlH3,-0.16576,1.0,30,10,0,0,0,2,7.5,4,0,1,3
9,3,C16H10N2S2:C18F15Al,-0.19932,1.0,30,10,0,0,0,2,15.53,34,0,1,0
9,4,C16H10N2S2:C3H9Al,-0.14592,1.0,30,10,0,0,0,2,5.55,13,0,1,0
9,5,C16H10N2S2:C2H5AlCl2,-0.16122,1.0,30,10,0,0,0,2,12.7,10,0,1,0
9,6,C16H10N2S2:BH3,-0.30552,1.0,30,10,0,0,0,2,3.46,4,1,0,3
9,7,C16H10N2S2:BF3,-0.26482,1.0,30,10,0,0,0,2,16.95,4,1,0,0
9,8,C16H10N2S2:BCl3,-0.29402,1.0,30,10,0,0,0,2,29.29,4,1,0,0
9,9,C16H10N2S2:BBr3,-0.27312,1.0,30,10,0,0,0,2,62.63,4,1,0,0
9,10,C16H10N2S2:C18BF15,-0.34212,1.0,30,10,0,0,0,2,15.06,34,1,0,0
9,11,C16H10N2S2:BI3,-0.21718,1.0,30,10,0,0,0,2,97.88,4,1,0,0
9,12,C16H10N2S2:O2S,-0.05022,1.0,30,10,0,0,0,2,21.36,3,0,0,0
10,1,C6H4N2S:AlCl3,-0.15454,1.01,13,4,0,0,0,2,33.33,4,0,1,0
10,2,C6H4N2S:AlH3,-0.14188,1.01,13,4,0,0,0,2,7.5,4,0,1,3
10,3,C6H4N2S:C18F15Al,-0.17022,1.01,13,4,0,0,0,2,15.53,34,0,1,0
10,4,C6H4N2S:C3H9Al,-0.13012,1.01,13,4,0,0,0,2,5.55,13,0,1,0
10,5,C6H4N2S:C2H5AlCl2,-0.1343,1.01,13,4,0,0,0,2,12.7,10,0,1,0
10,6,C6H4N2S:BH3,-0.30032,1.01,13,4,0,0,0,2,3.46,4,1,0,3
10,7,C6H4N2S:BF3,-0.26152,1.01,13,4,0,0,0,2,16.95,4,1,0,0
10,8,C6H4N2S:BCl3,-0.29988,1.01,13,4,0,0,0,2,29.29,4,1,0,0
10,9,C6H4N2S:BBr3,-0.2709,1.01,13,4,0,0,0,2,62.63,4,1,0,0
10,10,C6H4N2S:C18BF15,-0.3734,1.01,13,4,0,0,0,2,15.06,34,1,0,0
10,11,C6H4N2S:BI3,-0.17652,1.01,13,4,0,0,0,2,97.88,4,1,0,0
10,12,C6H4N2S:O2S,-0.03074,1.01,13,4,0,0,0,2,21.36,3,0,0,0
11,1,C6H3N2FS:AlCl3,-0.152,1.05,13,3,0,0,1,2,33.33,4,0,1,0
11,2,C6H3N2FS:AlH3,-0.13864,1.05,13,3,0,0,1,2,7.5,4,0,1,3
11,3,C6H3N2FS:C18F15Al,-0.16582,1.05,13,3,0,0,1,2,15.53,34,0,1,0
11,4,C6H3N2FS:C3H9Al,-0.12724,1.05,13,3,0,0,1,2,5.55,13,0,1,0
11,5,C6H3N2FS:C2H5AlCl2,-0.13144,1.05,13,3,0,0,1,2,12.7,10,0,1,0
11,6,C6H3N2FS:BH3,-0.2967,1.05,13,3,0,0,1,2,3.46,4,1,0,3
11,7,C6H3N2FS:BF3,-0.2646,1.05,13,3,0,0,1,2,16.95,4,1,0,0
11,8,C6H3N2FS:BCl3,-0.29622,1.05,13,3,0,0,1,2,29.29,4,1,0,0
11,9,C6H3N2FS:BBr3,-0.2666,1.05,13,3,0,0,1,2,62.63,4,1,0,0
11,10,C6H3N2FS:C18BF15,-0.36924,1.05,13,3,0,0,1,2,15.06,34,1,0,0
11,11,C6H3N2FS:BI3,-0.16242,1.05,13,3,0,0,1,2,97.88,4,1,0,0
11,12,C6H3N2FS:O2S,-0.02704,1.05,13,3,0,0,1,2,21.36,3,0,0,0
12,1,C6H2N2F2S:AlCl3,-0.14932,1.09,13,2,0,0,2,2,33.33,4,0,1,0
12,2,C6H2N2F2S:AlH3,-0.13678,1.09,13,2,0,0,2,2,7.5,4,0,1,3
12,3,C6H2N2F2S:C18F15Al,-0.1625,1.09,13,2,0,0,2,2,15.53,34,0,1,0
12,4,C6H2N2F2S:C3H9Al,-0.12726,1.09,13,2,0,0,2,2,5.55,13,0,1,0
12,5,C6H2N2F2S:C2H5AlCl2,-0.12934,1.09,13,2,0,0,2,2,12.7,10,0,1,0
12,6,C6H2N2F2S:BH3,-0.29572,1.09,13,2,0,0,2,2,3.46,4,1,0,3
12,7,C6H2N2F2S:BF3,-0.26272,1.09,13,2,0,0,2,2,16.95,4,1,0,0
12,8,C6H2N2F2S:BCl3,-0.2944,1.09,13,2,0,0,2,2,29.29,4,1,0,0
12,9,C6H2N2F2S:BBr3,-0.26428,1.09,13,2,0,0,2,2,62.63,4,1,0,0
12,10,C6H2N2F2S:C18BF15,-0.37078,1.09,13,2,0,0,2,2,15.06,34,1,0,0
12,11,C6H2N2F2S:BI3,-0.15226,1.09,13,2,0,0,2,2,97.88,4,1,0,0
12,12,C6H2N2F2S:O2S,-0.0247,1.09,13,2,0,0,2,2,21.36,3,0,0,0
13,1,C6H2N4S2:AlCl3,-0.1524,1.05,14,2,0,0,0,4,33.33,4,0,1,0
13,2,C6H2N4S2:AlH3,-0.13842,1.05,14,2,0,0,0,4,7.5,4,0,1,3
13,3,C6H2N4S2:C18F15Al,-0.16316,1.05,14,2,0,0,0,4,15.53,34,0,1,0
13,4,C6H2N4S2:C3H9Al,-0.12208,1.05,14,2,0,0,0,4,5.55,13,0,1,0
13,5,C6H2N4S2:C2H5AlCl2,-0.12776,1.05,14,2,0,0,0,4,12.7,10,0,1,0
13,6,C6H2N4S2:BH3,-0.29008,1.05,14,2,0,0,0,4,3.46,4,1,0,3
13,7,C6H2N4S2:BF3,-0.26378,1.05,14,2,0,0,0,4,16.95,4,1,0,0
13,8,C6H2N4S2:BCl3,-0.29376,1.05,14,2,0,0,0,4,29.29,4,1,0,0
13,9,C6H2N4S2:BBr3,-0.26078,1.05,14,2,0,0,0,4,62.63,4,1,0,0
13,10,C6H2N4S2:C18BF15,-0.3635,1.05,14,2,0,0,0,4,15.06,34,1,0,0
13,11,C6H2N4S2:BI3,-0.11668,1.05,14,2,0,0,0,4,97.88,4,1,0,0
13,12,C6H2N4S2:O2S,-0.02492,1.05,14,2,0,0,0,4,21.36,3,0,0,0
14,1,C10H4N4S2:AlCl3,-0.14464,1.03,20,4,0,0,0,4,33.33,4,0,1,0
14,2,C10H4N4S2:AlH3,-0.13482,1.03,20,4,0,0,0,4,7.5,4,0,1,3
14,3,C10H4N4S2:C18F15Al,-0.16798,1.03,20,4,0,0,0,4,15.53,34,0,1,0
14,4,C10H4N4S2:C3H9Al,-0.12974,1.03,20,4,0,0,0,4,5.55,13,0,1,0
14,5,C10H4N4S2:C2H5AlCl2,-0.14296,1.03,20,4,0,0,0,4,12.7,10,0,1,0
14,6,C10H4N4S2:BH3,-0.3004,1.03,20,4,0,0,0,4,3.46,4,1,0,3
14,7,C10H4N4S2:BF3,-0.26332,1.03,20,4,0,0,0,4,16.95,4,1,0,0
14,8,C10H4N4S2:BCl3,-0.27858,1.03,20,4,0,0,0,4,29.29,4,1,0,0
14,9,C10H4N4S2:BBr3,-0.2471,1.03,20,4,0,0,0,4,62.63,4,1,0,0
14,10,C10H4N4S2:C18BF15,-0.3611,1.03,20,4,0,0,0,4,15.06,34,1,0,0
14,11,C10H4N4S2:BI3,-0.14706,1.03,20,4,0,0,0,4,97.88,4,1,0,0
14,12,C10H4N4S2:O2S,-0.02186,1.03,20,4,0,0,0,4,21.36,3,0,0,0
15,1,C5H5N:AlCl3,-0.16168,0.99,11,5,0,0,0,1,33.33,4,0,1,0
15,2,C5H5N:AlH3,-0.15164,0.99,11,5,0,0,0,1,7.5,4,0,1,3
15,3,C5H5N:C18F15Al,-0.17006,0.99,11,5,0,0,0,1,15.53,34,0,1,0
15,4,C5H5N:C3H9Al,-0.1417,0.99,11,5,0,0,0,1,5.55,13,0,1,0
15,5,C5H5N:C2H5AlCl2,-0.14758,0.99,11,5,0,0,0,1,12.7,10,0,1,0
15,6,C5H5N:BH3,-0.32264,0.99,11,5,0,0,0,1,3.46,4,1,0,3
15,7,C5H5N:BF3,-0.2986,0.99,11,5,0,0,0,1,16.95,4,1,0,0
15,8,C5H5N:BCl3,-0.31622,0.99,11,5,0,0,0,1,29.29,4,1,0,0
15,9,C5H5N:BBr3,-0.29592,0.99,11,5,0,0,0,1,62.63,4,1,0,0
15,10,C5H5N:C18BF15,-0.37174,0.99,11,5,0,0,0,1,15.06,34,1,0,0
15,11,C5H5N:BI3,-0.25648,0.99,11,5,0,0,0,1,97.88,4,1,0,0
15,12,C5H5N:O2S,-0.12582,0.99,11,5,0,0,0,1,21.36,3,0,0,0
16,1,C5H4NF:AlCl3,-0.16624,1.03,11,4,0,0,1,1,33.33,4,0,1,0
16,2,C5H4NF:AlH3,-0.15344,1.03,11,4,0,0,1,1,7.5,4,0,1,3
16,3,C5H4NF:C18F15Al,-0.18388,1.03,11,4,0,0,1,1,15.53,34,0,1,0
16,4,C5H4NF:C3H9Al,-0.14566,1.03,11,4,0,0,1,1,5.55,13,0,1,0
16,5,C5H4NF:C2H5AlCl2,-0.15746,1.03,11,4,0,0,1,1,12.7,10,0,1,0
16,6,C5H4NF:BH3,-0.31376,1.03,11,4,0,0,1,1,3.46,4,1,0,3
16,7,C5H4NF:BF3,-0.27132,1.03,11,4,0,0,1,1,16.95,4,1,0,0
16,8,C5H4NF:BCl3,-0.31048,1.03,11,4,0,0,1,1,29.29,4,1,0,0
16,9,C5H4NF:BBr3,-0.2953,1.03,11,4,0,0,1,1,62.63,4,1,0,0
16,10,C5H4NF:C18BF15,-0.36854,1.03,11,4,0,0,1,1,15.06,34,1,0,0
16,11,C5H4NF:BI3,-0.24738,1.03,11,4,0,0,1,1,97.88,4,1,0,0
16,12,C5H4NF:O2S,-0.07472,1.03,11,4,0,0,1,1,21.36,3,0,0,0
17,1,C6H7N:AlCl3,-0.1676,0.98,14,7,0,0,0,1,33.33,4,0,1,0
17,2,C6H7N:AlH3,-0.15838,0.98,14,7,0,0,0,1,7.5,4,0,1,3
17,3,C6H7N:C18F15Al,-0.18362,0.98,14,7,0,0,0,1,15.53,34,0,1,0
17,4,C6H7N:C3H9Al,-0.15246,0.98,14,7,0,0,0,1,5.55,13,0,1,0
17,5,C6H7N:C2H5AlCl2,-0.1576,0.98,14,7,0,0,0,1,12.7,10,0,1,0
17,6,C6H7N:BH3,-0.32724,0.98,14,7,0,0,0,1,3.46,4,1,0,3
17,7,C6H7N:BF3,-0.30354,0.98,14,7,0,0,0,1,16.95,4,1,0,0
17,8,C6H7N:BCl3,-0.31426,0.98,14,7,0,0,0,1,29.29,4,1,0,0
17,9,C6H7N:BBr3,-0.29314,0.98,14,7,0,0,0,1,62.63,4,1,0,0
17,10,C6H7N:C18BF15,-0.3769,0.98,14,7,0,0,0,1,15.06,34,1,0,0
17,11,C6H7N:BI3,-0.25672,0.98,14,7,0,0,0,1,97.88,4,1,0,0
17,12,C6H7N:O2S,-0.13514,0.98,14,7,0,0,0,1,21.36,3,0,0,0
18,1,NH3:AlCl3,-0.18562,1.0,4,3,0,0,0,0,33.33,4,0,1,0
18,2,NH3:AlH3,-0.17416,1.0,4,3,0,0,0,0,7.5,4,0,1,3
18,3,NH3:C18F15Al,-0.19356,1.0,4,3,0,0,0,0,15.53,34,0,1,0
18,4,NH3:C3H9Al,-0.1695,1.0,4,3,0,0,0,0,5.55,13,0,1,0
18,5,NH3:C2H5AlCl2,-0.17902,1.0,4,3,0,0,0,0,12.7,10,0,1,0
18,6,NH3:BH3,-0.35796,1.0,4,3,0,0,0,0,3.46,4,1,0,3
18,7,NH3:BF3,-0.30406,1.0,4,3,0,0,0,0,16.95,4,1,0,0
18,8,NH3:BCl3,-0.35168,1.0,4,3,0,0,0,0,29.29,4,1,0,0
18,9,NH3:BBr3,-0.34132,1.0,4,3,0,0,0,0,62.63,4,1,0,0
18,10,NH3:C18BF15,-0.39134,1.0,4,3,0,0,0,0,15.06,34,1,0,0
18,11,NH3:BI3,-0.31084,1.0,4,3,0,0,0,0,97.88,4,1,0,0
18,12,NH3:O2S,-0.09924,1.0,4,3,0,0,0,0,21.36,3,0,0,0
19,1,CH5N:AlCl3,-0.17356,0.98,7,5,0,0,0,0,33.33,4,0,1,0
19,2,CH5N:AlH3,-0.1686,0.98,7,5,0,0,0,0,7.5,4,0,1,3
19,3,CH5N:C18F15Al,-0.18526,0.98,7,5,0,0,0,0,15.53,34,0,1,0
19,4,CH5N:C3H9Al,-0.16026,0.98,7,5,0,0,0,0,5.55,13,0,1,0
19,5,CH5N:C2H5AlCl2,-0.16818,0.98,7,5,0,0,0,0,12.7,10,0,1,0
19,6,CH5N:BH3,-0.35942,0.98,7,5,0,0,0,0,3.46,4,1,0,3
19,7,CH5N:BF3,-0.31126,0.98,7,5,0,0,0,0,16.95,4,1,0,0
19,8,CH5N:BCl3,-0.34326,0.98,7,5,0,0,0,0,29.29,4,1,0,0
19,9,CH5N:BBr3,-0.33016,0.98,7,5,0,0,0,0,62.63,4,1,0,0
19,10,CH5N:C18BF15,-0.39548,0.98,7,5,0,0,0,0,15.06,34,1,0,0
19,11,CH5N:BI3,-0.3012,0.98,7,5,0,0,0,0,97.88,4,1,0,0
19,12,CH5N:O2S,-0.1548,0.98,7,5,0,0,0,0,21.36,3,0,0,0
20,1,C2H7N:AlCl3,-0.16264,0.98,10,7,0,0,0,0,33.33,4,0,1,0
20,2,C2H7N:AlH3,-0.15608,0.98,10,7,0,0,0,0,7.5,4,0,1,3
20,3,C2H7N:C18F15Al,-0.17594,0.98,10,7,0,0,0,0,15.53,34,0,1,0
20,4,C2H7N:C3H9Al,-0.14752,0.98,10,7,0,0,0,0,5.55,13,0,1,0
20,5,C2H7N:C2H5AlCl2,-0.15544,0.98,10,7,0,0,0,0,12.7,10,0,1,0
20,6,C2H7N:BH3,-0.35029,0.98,10,7,0,0,0,0,3.46,4,1,0,3
20,7,C2H7N:BF3,-0.3051,0.98,10,7,0,0,0,0,16.95,4,1,0,0
20,8,C2H7N:BCl3,-0.32704,0.98,10,7,0,0,0,0,29.29,4,1,0,0
20,9,C2H7N:BBr3,-0.31312,0.98,10,7,0,0,0,0,62.63,4,1,0,0
20,10,C2H7N:C18BF15,-0.38534,0.98,10,7,0,0,0,0,15.06,34,1,0,0
20,11,C2H7N:BI3,-0.2871,0.98,10,7,0,0,0,0,97.88,4,1,0,0
20,12,C2H7N:O2S,-0.1882,0.98,10,7,0,0,0,0,21.36,3,0,0,0
21,1,C3H9N:AlCl3,-0.14898,0.97,13,9,0,0,0,0,33.33,4,0,1,0
21,2,C3H9N:AlH3,-0.14104,0.97,13,9,0,0,0,0,7.5,4,0,1,3
21,3,C3H9N:C18F15Al,-0.16274,0.97,13,9,0,0,0,0,15.53,34,0,1,0
21,4,C3H9N:C3H9Al,-0.13346,0.97,13,9,0,0,0,0,5.55,13,0,1,0
21,5,C3H9N:C2H5AlCl2,-0.14134,0.97,13,9,0,0,0,0,12.7,10,0,1,0
21,6,C3H9N:BH3,-0.3324,0.97,13,9,0,0,0,0,3.46,4,1,0,3
21,7,C3H9N:BF3,-0.2895,0.97,13,9,0,0,0,0,16.95,4,1,0,0
21,8,C3H9N:BCl3,-0.3046,0.97,13,9,0,0,0,0,29.29,4,1,0,0
21,9,C3H9N:BBr3,-0.29132,0.97,13,9,0,0,0,0,62.63,4,1,0,0
21,10,C3H9N:C18BF15,-0.3461,0.97,13,9,0,0,0,0,15.06,34,1,0,0
21,11,C3H9N:BI3,-0.26952,0.97,13,9,0,0,0,0,97.88,4,1,0,0
21,12,C3H9N:O2S,-0.20366,0.97,13,9,0,0,0,0,21.36,3,0,0,0
22,1,CHN:AlCl3,-0.14508,1.03,3,1,0,0,0,0,33.33,4,0,1,0
22,2,CHN:AlH3,-0.13308,1.03,3,1,0,0,0,0,7.5,4,0,1,3
22,3,CHN:C18F15Al,-0.16824,1.03,3,1,0,0,0,0,15.53,34,0,1,0
22,4,CHN:C3H9Al,-0.1296,1.03,3,1,0,0,0,0,5.55,13,0,1,0
22,5,CHN:C2H5AlCl2,-0.13958,1.03,3,1,0,0,0,0,12.7,10,0,1,0
22,6,CHN:BH3,-0.26836,1.03,3,1,0,0,0,0,3.46,4,1,0,3
22,7,CHN:BF3,-0.05116,1.03,3,1,0,0,0,0,16.95,4,1,0,0
22,8,CHN:BCl3,-0.28674,1.03,3,1,0,0,0,0,29.29,4,1,0,0
22,9,CHN:BBr3,-0.26818,1.03,3,1,0,0,0,0,62.63,4,1,0,0
22,10,CHN:C18BF15,-0.35422,1.03,3,1,0,0,0,0,15.06,34,1,0,0
22,11,CHN:BI3,-0.19632,1.03,3,1,0,0,0,0,97.88,4,1,0,0
23,1,C2H3N:AlCl3,-0.16194,1.0,6,3,0,0,0,0,33.33,4,0,1,0
23,2,C2H3N:AlH3,-0.15014,1.0,6,3,0,0,0,0,7.5,4,0,1,3
23,3,C2H3N:C18F15Al,-0.19064,1.0,6,3,0,0,0,0,15.53,34,0,1,0
23,4,C2H3N:C3H9Al,-0.14608,1.0,6,3,0,0,0,0,5.55,13,0,1,0
23,5,C2H3N:C2H5AlCl2,-0.1562,1.0,6,3,0,0,0,0,12.7,10,0,1,0
23,6,C2H3N:BH3,-0.28739,1.0,6,3,0,0,0,0,3.46,4,1,0,3
23,7,C2H3N:BF3,-0.20008,1.0,6,3,0,0,0,0,16.95,4,1,0,0
23,8,C2H3N:BCl3,-0.31718,1.0,6,3,0,0,0,0,29.29,4,1,0,0
23,9,C2H3N:BBr3,-0.30024,1.0,6,3,0,0,0,0,62.63,4,1,0,0
23,10,C2H3N:C18BF15,-0.3811,1.0,6,3,0,0,0,0,15.06,34,1,0,0
23,11,C2H3N:BI3,-0.23684,1.0,6,3,0,0,0,0,97.88,4,1,0,0
24,1,C3H3N3:AlCl3,-0.15124,1.03,9,3,0,0,0,3,33.33,4,0,1,0
24,2,C3H3N3:AlH3,-0.14066,1.03,9,3,0,0,0,3,7.5,4,0,1,3
24,3,C3H3N3:C18F15Al,-0.15848,1.03,9,3,0,0,0,3,15.53,34,0,1,0
24,4,C3H3N3:C3H9Al,-0.13228,1.03,9,3,0,0,0,3,5.55,13,0,1,0
24,5,C3H3N3:C2H5AlCl2,-0.14146,1.03,9,3,0,0,0,3,12.7,10,0,1,0
24,6,C3H3N3:BH3,-0.30546,1.03,9,3,0,0,0,3,3.46,4,1,0,3
24,7,C3H3N3:BF3,-0.27408,1.03,9,3,0,0,0,3,16.95,4,1,0,0
24,8,C3H3N3:BCl3,-0.29974,1.03,9,3,0,0,0,3,29.29,4,1,0,0
24,9,C3H3N3:BBr3,-0.27748,1.03,9,3,0,0,0,3,62.63,4,1,0,0
24,10,C3H3N3:C18BF15,-0.35084,1.03,9,3,0,0,0,3,15.06,34,1,0,0
24,11,C3H3N3:BI3,-0.2105,1.03,9,3,0,0,0,3,97.88,4,1,0,0
24,12,C3H3N3:O2S,-0.06906,1.03,9,3,0,0,0,3,21.36,3,0,0,0
25,1,C6H7N:AlCl3,-0.16978,0.98,14,7,0,0,0,0,33.33,4,0,1,0
25,2,C6H7N:AlH3,-0.15576,0.98,14,7,0,0,0,0,7.5,4,0,1,3
25,3,C6H7N:C18F15Al,-0.1623,0.98,14,7,0,0,0,0,15.53,34,0,1,0
25,4,C6H7N:C3H9Al,-0.14474,0.98,14,7,0,0,0,0,5.55,13,0,1,0
25,5,C6H7N:C2H5AlCl2,-0.15586,0.98,14,7,0,0,0,0,12.7,10,0,1,0
25,6,C6H7N:BH3,-0.33454,0.98,14,7,0,0,0,0,3.46,4,1,0,3
25,7,C6H7N:BF3,-0.28486,0.98,14,7,0,0,0,0,16.95,4,1,0,0
25,8,C6H7N:BCl3,-0.3324,0.98,14,7,0,0,0,0,29.29,4,1,0,0
25,9,C6H7N:BBr3,-0.31504,0.98,14,7,0,0,0,0,62.63,4,1,0,0
25,10,C6H7N:C18BF15,-0.37654,0.98,14,7,0,0,0,0,15.06,34,1,0,0
25,11,C6H7N:BI3,-0.28618,0.98,14,7,0,0,0,0,97.88,4,1,0,0
25,12,C6H7N:O2S,-0.12138,0.98,14,7,0,0,0,0,21.36,3,0,0,0
26,1,C6H5NF2:AlCl3,-0.16384,1.06,14,5,0,0,2,0,33.33,4,0,1,0
26,2,C6H5NF2:AlH3,-0.14902,1.06,14,5,0,0,2,0,7.5,4,0,1,3
26,3,C6H5NF2:C18F15Al,-0.15524,1.06,14,5,0,0,2,0,15.53,34,0,1,0
26,4,C6H5NF2:C3H9Al,-0.1371,1.06,14,5,0,0,2,0,5.55,13,0,1,0
26,5,C6H5NF2:C2H5AlCl2,-0.14968,1.06,14,5,0,0,2,0,12.7,10,0,1,0
26,6,C6H5NF2:BH3,-0.32454,1.06,14,5,0,0,2,0,3.46,4,1,0,3
26,7,C6H5NF2:BF3,-0.27186,1.06,14,5,0,0,2,0,16.95,4,1,0,0
26,8,C6H5NF2:BCl3,-0.31842,1.06,14,5,0,0,2,0,29.29,4,1,0,0
26,9,C6H5NF2:BBr3,-0.31146,1.06,14,5,0,0,2,0,62.63,4,1,0,0
26,10,C6H5NF2:C18BF15,-0.36502,1.06,14,5,0,0,2,0,15.06,34,1,0,0
26,11,C6H5NF2:BI3,-0.27184,1.06,14,5,0,0,2,0,97.88,4,1,0,0
26,12,C6H5NF2:O2S,-0.10298,1.06,14,5,0,0,2,0,21.36,3,0,0,0
27,1,C8H11N:AlCl3,-0.16622,0.98,20,11,0,0,0,0,33.33,4,0,1,0
27,2,C8H11N:AlH3,-0.15768,0.98,20,11,0,0,0,0,7.5,4,0,1,3
27,3,C8H11N:C18F15Al,-0.16668,0.98,20,11,0,0,0,0,15.53,34,0,1,0
27,4,C8H11N:C3H9Al,-0.14506,0.98,20,11,0,0,0,0,5.55,13,0,1,0
27,5,C8H11N:C2H5AlCl2,-0.15736,0.98,20,11,0,0,0,0,12.7,10,0,1,0
27,6,C8H11N:BH3,-0.33684,0.98,20,11,0,0,0,0,3.46,4,1,0,3
27,7,C8H11N:BF3,-0.28852,0.98,20,11,0,0,0,0,16.95,4,1,0,0
27,8,C8H11N:BCl3,-0.32988,0.98,20,11,0,0,0,0,29.29,4,1,0,0
27,9,C8H11N:BBr3,-0.31806,0.98,20,11,0,0,0,0,62.63,4,1,0,0
27,10,C8H11N:C18BF15,-0.36978,0.98,20,11,0,0,0,0,15.06,34,1,0,0
27,11,C8H11N:BI3,-0.28958,0.98,20,11,0,0,0,0,97.88,4,1,0,0
27,12,C8H11N:O2S,-0.13034,0.98,20,11,0,0,0,0,21.36,3,0,0,0
28,1,C8H6N2:AlCl3,-0.15794,1.0,16,6,0,0,0,2,33.33,4,0,1,0
28,2,C8H6N2:AlH3,-0.14948,1.0,16,6,0,0,0,2,7.5,4,0,1,3
28,3,C8H6N2:C18F15Al,-0.17398,1.0,16,6,0,0,0,2,15.53,34,0,1,0
28,4,C8H6N2:C3H9Al,-0.13872,1.0,16,6,0,0,0,2,5.55,13,0,1,0
28,5,C8H6N2:C2H5AlCl2,-0.15058,1.0,16,6,0,0,0,2,12.7,10,0,1,0
28,6,C8H6N2:BH3,-0.31266,1.0,16,6,0,0,0,2,3.46,4,1,0,3
28,7,C8H6N2:BF3,-0.28844,1.0,16,6,0,0,0,2,16.95,4,1,0,0
28,8,C8H6N2:BCl3,-0.30078,1.0,16,6,0,0,0,2,29.29,4,1,0,0
28,9,C8H6N2:BBr3,-0.27632,1.0,16,6,0,0,0,2,62.63,4,1,0,0
28,10,C8H6N2:C18BF15,-0.36424,1.0,16,6,0,0,0,2,15.06,34,1,0,0
28,11,C8H6N2:BI3,-0.22648,1.0,16,6,0,0,0,2,97.88,4,1,0,0
28,12,C8H6N2:O2S,-0.10128,1.0,16,6,0,0,0,2,21.36,3,0,0,0
29,1,C10H10N2:AlCl3,-0.161,0.99,22,10,0,0,0,2,33.33,4,0,1,0
29,2,C10H10N2:AlH3,-0.15786,0.99,22,10,0,0,0,2,7.5,4,0,1,3
29,3,C10H10N2:C18F15Al,-0.17622,0.99,22,10,0,0,0,2,15.53,34,0,1,0
29,4,C10H10N2:C3H9Al,-0.14216,0.99,22,10,0,0,0,2,5.55,13,0,1,0
29,5,C10H10N2:C2H5AlCl2,-0.15728,0.99,22,10,0,0,0,2,12.7,10,0,1,0
29,6,C10H10N2:BH3,-0.3179,0.99,22,10,0,0,0,2,3.46,4,1,0,3
29,7,C10H10N2:BF3,-0.29434,0.99,22,10,0,0,0,2,16.95,4,1,0,0
29,8,C10H10N2:BCl3,-0.30644,0.99,22,10,0,0,0,2,29.29,4,1,0,0
29,9,C10H10N2:BBr3,-0.2826,0.99,22,10,0,0,0,2,62.63,4,1,0,0
29,10,C10H10N2:C18BF15,-0.37034,0.99,22,10,0,0,0,2,15.06,34,1,0,0
29,11,C10H10N2:BI3,-0.2361,0.99,22,10,0,0,0,2,97.88,4,1,0,0
29,12,C10H10N2:O2S,-0.1104,0.99,22,10,0,0,0,2,21.36,3,0,0,0
30,1,C8H4N2F2:AlCl3,-0.15562,1.06,16,4,0,0,2,2,33.33,4,0,1,0
30,2,C8H4N2F2:AlH3,-0.14308,1.06,16,4,0,0,2,2,7.5,4,0,1,3
30,3,C8H4N2F2:C18F15Al,-0.16744,1.06,16,4,0,0,2,2,15.53,34,0,1,0
30,4,C8H4N2F2:C3H9Al,-0.1333,1.06,16,4,0,0,2,2,5.55,13,0,1,0
30,5,C8H4N2F2:C2H5AlCl2,-0.14826,1.06,16,4,0,0,2,2,12.7,10,0,1,0
30,6,C8H4N2F2:BH3,-0.30772,1.06,16,4,0,0,2,2,3.46,4,1,0,3
30,7,C8H4N2F2:BF3,-0.28338,1.06,16,4,0,0,2,2,16.95,4,1,0,0
30,8,C8H4N2F2:BCl3,-0.2948,1.06,16,4,0,0,2,2,29.29,4,1,0,0
30,9,C8H4N2F2:BBr3,-0.26946,1.06,16,4,0,0,2,2,62.63,4,1,0,0
30,10,C8H4N2F2:C18BF15,-0.35706,1.06,16,4,0,0,2,2,15.06,34,1,0,0
30,11,C8H4N2F2:BI3,-0.2081,1.06,16,4,0,0,2,2,97.88,4,1,0,0
30,12,C8H4N2F2:O2S,-0.0909,1.06,16,4,0,0,2,2,21.36,3,0,0,0
31,1,C8H11NO2S:AlCl3,-0.1154,1.01,23,11,0,1,0,0,33.33,4,0,1,0
31,2,C8H11NO2S:AlH3,-0.09492,1.01,23,11,0,1,0,0,7.5,4,0,1,3
31,3,C8H11NO2S:C18F15Al,-0.11542,1.01,23,11,0,1,0,0,15.53,34,0,1,0
31,4,C8H11NO2S:C3H9Al,-0.07102,1.01,23,11,0,1,0,0,5.55,13,0,1,0
31,5,C8H11NO2S:C2H5AlCl2,-0.09864,1.01,23,11,0,1,0,0,12.7,10,0,1,0
31,6,C8H11NO2S:BH3,-0.24758,1.01,23,11,0,1,0,0,3.46,4,1,0,3
31,7,C8H11NO2S:BF3,-0.00152,1.01,23,11,0,1,0,0,16.95,4,1,0,0
31,10,C8H11NO2S:C18BF15,-0.30426,1.01,23,11,0,1,0,0,15.06,34,1,0,0
32,1,C6H8N2O2S:AlCl3,-0.1208,1.03,19,8,0,2,0,0,33.33,4,0,1,0
32,2,C6H8N2O2S:AlH3,-0.09772,1.03,19,8,0,2,0,0,7.5,4,0,1,3
32,4,C6H8N2O2S:C3H9Al,-0.07258,1.03,19,8,0,2,0,0,5.55,13,0,1,0
32,5,C6H8N2O2S:C2H5AlCl2,-0.10412,1.03,19,8,0,2,0,0,12.7,10,0,1,0
32,6,C6H8N2O2S:BH3,-0.26092,1.03,19,8,0,2,0,0,3.46,4,1,0,3
32,7,C6H8N2O2S:BF3,-0.00182,1.03,19,8,0,2,0,0,16.95,4,1,0,0
32,9,C6H8N2O2S:BBr3,-0.24172,1.03,19,8,0,2,0,0,62.63,4,1,0,0
32,10,C6H8N2O2S:C18BF15,-0.27746,1.03,19,8,0,2,0,0,15.06,34,1,0,0
32,11,C6H8N2O2S:BI3,-0.1988,1.03,19,8,0,2,0,0,97.88,4,1,0,0
33,1,C4H3NO2S:AlCl3,-0.10978,1.07,11,3,1,1,0,0,33.33,4,0,1,0
33,2,C4H3NO2S:AlH3,-0.08112,1.07,11,3,1,1,0,0,7.5,4,0,1,3
33,3,C4H3NO2S:C18F15Al,-0.11274,1.07,11,3,1,1,0,0,15.53,34,0,1,0
33,4,C4H3NO2S:C3H9Al,-0.05204,1.07,11,3,1,1,0,0,5.55,13,0,1,0
33,5,C4H3NO2S:C2H5AlCl2,-0.08992,1.07,11,3,1,1,0,0,12.7,10,0,1,0
33,6,C4H3NO2S:BH3,-0.2283,1.07,11,3,1,1,0,0,3.46,4,1,0,3
33,7,C4H3NO2S:BF3,-0.00266,1.07,11,3,1,1,0,0,16.95,4,1,0,0
33,8,C4H3NO2S:BCl3,-0.00584,1.07,11,3,1,1,0,0,29.29,4,1,0,0
33,9,C4H3NO2S:BBr3,-0.005,1.07,11,3,1,1,0,0,62.63,4,1,0,0
33,10,C4H3NO2S:C18BF15,-0.269,1.07,11,3,1,1,0,0,15.06,34,1,0,0
33,11,C4H3NO2S:BI3,0.00188,1.07,11,3,1,1,0,0,97.88,4,1,0,0
34,1,C4H3NOS2:AlCl3,-0.11594,1.04,11,3,1,0,0,0,33.33,4,0,1,0
34,2,C4H3NOS2:AlH3,-0.09032,1.04,11,3,1,0,0,0,7.5,4,0,1,3
34,3,C4H3NOS2:C18F15Al,-0.10932,1.04,11,3,1,0,0,0,15.53,34,0,1,0
34,4,C4H3NOS2:C3H9Al,-0.06344,1.04,11,3,1,0,0,0,5.55,13,0,1,0
34,5,C4H3NOS2:C2H5AlCl2,-0.09972,1.04,11,3,1,0,0,0,12.7,10,0,1,0
34,6,C4H3NOS2:BH3,-0.24758,1.04,11,3,1,0,0,0,3.46,4,1,0,3
34,7,C4H3NOS2:BF3,-0.0035,1.04,11,3,1,0,0,0,16.95,4,1,0,0
34,8,C4H3NOS2:BCl3,-0.00654,1.04,11,3,1,0,0,0,29.29,4,1,0,0
34,10,C4H3NOS2:C18BF15,-0.28238,1.04,11,3,1,0,0,0,15.06,34,1,0,0
35,1,C5H11N:AlCl3,-0.14708,0.97,17,11,0,0,0,0,33.33,4,0,1,0
35,2,C5H11N:AlH3,-0.14432,0.97,17,11,0,0,0,0,7.5,4,0,1,3
35,3,C5H11N:C18F15Al,-0.1604,0.97,17,11,0,0,0,0,15.53,34,0,1,0
35,4,C5H11N:C3H9Al,-0.13326,0.97,17,11,0,0,0,0,5.55,13,0,1,0
35,5,C5H11N:C2H5AlCl2,-0.14238,0.97,17,11,0,0,0,0,12.7,10,0,1,0
35,6,C5H11N:BH3,-0.335,0.97,17,11,0,0,0,0,3.46,4,1,0,3
35,7,C5H11N:BF3,-0.2929,0.97,17,11,0,0,0,0,16.95,4,1,0,0
35,8,C5H11N:BCl3,-0.2996,0.97,17,11,0,0,0,0,29.29,4,1,0,0
35,9,C5H11N:BBr3,-0.28536,0.97,17,11,0,0,0,0,62.63,4,1,0,0
35,10,C5H11N:C18BF15,-0.35034,0.97,17,11,0,0,0,0,15.06,34,1,0,0
35,11,C5H11N:BI3,-0.26196,0.97,17,11,0,0,0,0,97.88,4,1,0,0
35,12,C5H11N:O2S,-0.20302,0.97,17,11,0,0,0,0,21.36,3,0,0,0
36,1,C7H15N:AlCl3,-0.1473,0.97,23,15,0,0,0,0,33.33,4,0,1,0
36,2,C7H15N:AlH3,-0.14216,0.97,23,15,0,0,0,0,7.5,4,0,1,3
36,3,C7H15N:C18F15Al,-0.16,0.97,23,15,0,0,0,0,15.53,34,0,1,0
36,4,C7H15N:C3H9Al,-0.1302,0.97,23,15,0,0,0,0,5.55,13,0,1,0
36,5,C7H15N:C2H5AlCl2,-0.14018,0.97,23,15,0,0,0,0,12.7,10,0,1,0
36,6,C7H15N:BH3,-0.3284,0.97,23,15,0,0,0,0,3.46,4,1,0,3
36,7,C7H15N:BF3,-0.2915,0.97,23,15,0,0,0,0,16.95,4,1,0,0
36,8,C7H15N:BCl3,-0.2964,0.97,23,15,0,0,0,0,29.29,4,1,0,0
36,9,C7H15N:BBr3,-0.28036,0.97,23,15,0,0,0,0,62.63,4,1,0,0
36,10,C7H15N:C18BF15,-0.34416,0.97,23,15,0,0,0,0,15.06,34,1,0,0
36,11,C7H15N:BI3,-0.25654,0.97,23,15,0,0,0,0,97.88,4,1,0,0
36,12,C7H15N:O2S,-0.20596,0.97,23,15,0,0,0,0,21.36,3,0,0,0
37,1,C6H13N:AlCl3,-0.1451,0.97,20,13,0,0,0,0,33.33,4,0,1,0
37,2,C6H13N:AlH3,-0.13582,0.97,20,13,0,0,0,0,7.5,4,0,1,3
37,3,C6H13N:C18F15Al,-0.15654,0.97,20,13,0,0,0,0,15.53,34,0,1,0
37,4,C6H13N:C3H9Al,-0.12914,0.97,20,13,0,0,0,0,5.55,13,0,1,0
37,5,C6H13N:C2H5AlCl2,-0.1369,0.97,20,13,0,0,0,0,12.7,10,0,1,0
37,6,C6H13N:BH3,-0.3267,0.97,20,13,0,0,0,0,3.46,4,1,0,3
37,7,C6H13N:BF3,-0.28658,0.97,20,13,0,0,0,0,16.95,4,1,0,0
37,8,C6H13N:BCl3,-0.29546,0.97,20,13,0,0,0,0,29.29,4,1,0,0
37,9,C6H13N:BBr3,-0.28086,0.97,20,13,0,0,0,0,62.63,4,1,0,0
37,10,C6H13N:C18BF15,-0.34208,0.97,20,13,0,0,0,0,15.06,34,1,0,0
37,11,C6H13N:BI3,-0.25642,0.97,20,13,0,0,0,0,97.88,4,1,0,0
37,12,C6H13N:O2S,-0.21432,0.97,20,13,0,0,0,0,21.36,3,0,0,0
38,1,C8H17N:AlCl3,-0.1689,0.97,26,17,0,0,0,0,33.33,4,0,1,0
38,2,C8H17N:AlH3,-0.1702,0.97,26,17,0,0,0,0,7.5,4,0,1,3
38,3,C8H17N:C18F15Al,-0.18378,0.97,26,17,0,0,0,0,15.53,34,0,1,0
38,4,C8H17N:C3H9Al,-0.15978,0.97,26,17,0,0,0,0,5.55,13,0,1,0
38,5,C8H17N:C2H5AlCl2,-0.16446,0.97,26,17,0,0,0,0,12.7,10,0,1,0
38,6,C8H17N:BH3,-0.34616,0.97,26,17,0,0,0,0,3.46,4,1,0,3
38,7,C8H17N:BF3,-0.28988,0.97,26,17,0,0,0,0,16.95,4,1,0,0
38,8,C8H17N:BCl3,-0.30348,0.97,26,17,0,0,0,0,29.29,4,1,0,0
38,9,C8H17N:BBr3,-0.29156,0.97,26,17,0,0,0,0,62.63,4,1,0,0
38,10,C8H17N:C18BF15,-0.34422,0.97,26,17,0,0,0,0,15.06,34,1,0,0
38,11,C8H17N:BI3,-0.26912,0.97,26,17,0,0,0,0,97.88,4,1,0,0
38,12,C8H17N:O2S,-0.17794,0.97,26,17,0,0,0,0,21.36,3,0,0,0
39,1,C10H6N2S2:AlCl3,-0.15004,1.01,20,6,0,0,0,2,33.33,4,0,1,0
39,2,C10H6N2S2:AlH3,-0.14014,1.01,20,6,0,0,0,2,7.5,4,0,1,3
39,3,C10H6N2S2:C18F15Al,-0.17266,1.01,20,6,0,0,0,2,15.53,34,0,1,0
39,4,C10H6N2S2:C3H9Al,-0.1298,1.01,20,6,0,0,0,2,5.55,13,0,1,0
39,5,C10H6N2S2:C2H5AlCl2,-0.1375,1.01,20,6,0,0,0,2,12.7,10,0,1,0
39,6,C10H6N2S2:BH3,-0.29986,1.01,20,6,0,0,0,2,3.46,4,1,0,3
39,7,C10H6N2S2:BF3,-0.2695,1.01,20,6,0,0,0,2,16.95,4,1,0,0
39,8,C10H6N2S2:BCl3,-0.2999,1.01,20,6,0,0,0,2,29.29,4,1,0,0
39,9,C10H6N2S2:BBr3,-0.2706,1.01,20,6,0,0,0,2,62.63,4,1,0,0
39,10,C10H6N2S2:C18BF15,-0.3743,1.01,20,6,0,0,0,2,15.06,34,1,0,0
39,11,C10H6N2S2:BI3,-0.1758,1.01,20,6,0,0,0,2,97.88,4,1,0,0
39,12,C10H6N2S2:O2S,-0.03024,1.01,20,6,0,0,0,2,21.36,3,0,0,0
40,1,C17H12N2S3:AlCl3,-0.15222,1.0,34,12,0,0,0,2,33.33,4,0,1,0
40,2,C17H12N2S3:AlH3,-0.1436,1.0,34,12,0,0,0,2,7.5,4,0,1,3
40,3,C17H12N2S3:C18F15Al,-0.17296,1.0,34,12,0,0,0,2,15.53,34,0,1,0
40,4,C17H12N2S3:C3H9Al,-0.13136,1.0,34,12,0,0,0,2,5.55,13,0,1,0
40,5,C17H12N2S3:C2H5AlCl2,-0.13512,1.0,34,12,0,0,0,2,12.7,10,0,1,0
40,6,C17H12N2S3:BH3,-0.30196,1.0,34,12,0,0,0,2,3.46,4,1,0,3
40,7,C17H12N2S3:BF3,-0.27276,1.0,34,12,0,0,0,2,16.95,4,1,0,0
40,8,C17H12N2S3:BCl3,-0.30324,1.0,34,12,0,0,0,2,29.29,4,1,0,0
40,9,C17H12N2S3:BBr3,-0.27436,1.0,34,12,0,0,0,2,62.63,4,1,0,0
40,10,C17H12N2S3:C18BF15,-0.37848,1.0,34,12,0,0,0,2,15.06,34,1,0,0
40,11,C17H12N2S3:BI3,-0.18684,1.0,34,12,0,0,0,2,97.88,4,1,0,0
40,12,C17H12N2S3:O2S,-0.03174,1.0,34,12,0,0,0,2,21.36,3,0,0,0
41,1,C10H5N2FS2:AlCl3,-0.1474,1.03,20,5,0,0,1,2,33.33,4,0,1,0
41,2,C10H5N2FS2:AlH3,-0.1387,1.03,20,5,0,0,1,2,7.5,4,0,1,3
41,3,C10H5N2FS2:C18F15Al,-0.16994,1.03,20,5,0,0,1,2,15.53,34,0,1,0
41,4,C10H5N2FS2:C3H9Al,-0.127,1.03,20,5,0,0,1,2,5.55,13,0,1,0
41,5,C10H5N2FS2:C2H5AlCl2,-0.14506,1.03,20,5,0,0,1,2,12.7,10,0,1,0
41,6,C10H5N2FS2:BH3,-0.29666,1.03,20,5,0,0,1,2,3.46,4,1,0,3
41,7,C10H5N2FS2:BF3,-0.26512,1.03,20,5,0,0,1,2,16.95,4,1,0,0
41,8,C10H5N2FS2:BCl3,-0.29578,1.03,20,5,0,0,1,2,29.29,4,1,0,0
41,9,C10H5N2FS2:BBr3,-0.26582,1.03,20,5,0,0,1,2,62.63,4,1,0,0
41,10,C10H5N2FS2:C18BF15,-0.37024,1.03,20,5,0,0,1,2,15.06,34,1,0,0
41,11,C10H5N2FS2:BI3,-0.16482,1.03,20,5,0,0,1,2,97.88,4,1,0,0
41,12,C10H5N2FS2:O2S,-0.0266,1.03,20,5,0,0,1,2,21.36,3,0,0,0
42,1,C17H11N2FS3:AlCl3,-0.14984,1.01,34,11,0,0,1,2,33.33,4,0,1,0
42,2,C17H11N2FS3:AlH3,-0.14072,1.01,34,11,0,0,1,2,7.5,4,0,1,3
42,3,C17H11N2FS3:C18F15Al,-0.1728,1.01,34,11,0,0,1,2,15.53,34,0,1,0
42,4,C17H11N2FS3:C3H9Al,-0.1288,1.01,34,11,0,0,1,2,5.55,13,0,1,0
42,5,C17H11N2FS3:C2H5AlCl2,-0.13688,1.01,34,11,0,0,1,2,12.7,10,0,1,0
42,6,C17H11N2FS3:BH3,-0.29894,1.01,34,11,0,0,1,2,3.46,4,1,0,3
42,7,C17H11N2FS3:BF3,-0.26878,1.01,34,11,0,0,1,2,16.95,4,1,0,0
42,8,C17H11N2FS3:BCl3,-0.2997,1.01,34,11,0,0,1,2,29.29,4,1,0,0
42,9,C17H11N2FS3:BBr3,-0.27022,1.01,34,11,0,0,1,2,62.63,4,1,0,0
42,10,C17H11N2FS3:C18BF15,-0.37484,1.01,34,11,0,0,1,2,15.06,34,1,0,0
42,11,C17H11N2FS3:BI3,-0.17756,1.01,34,11,0,0,1,2,97.88,4,1,0,0
42,12,C17H11N2FS3:O2S,-0.02816,1.01,34,11,0,0,1,2,21.36,3,0,0,0
43,1,C10H4N2F2S2:AlCl3,-0.14584,1.06,20,4,0,0,2,2,33.33,4,0,1,0
43,2,C10H4N2F2S2:AlH3,-0.13606,1.06,20,4,0,0,2,2,7.5,4,0,1,3
43,3,C10H4N2F2S2:C18F15Al,-0.16784,1.06,20,4,0,0,2,2,15.53,34,0,1,0
43,4,C10H4N2F2S2:C3H9Al,-0.1259,1.06,20,4,0,0,2,2,5.55,13,0,1,0
43,5,C10H4N2F2S2:C2H5AlCl2,-0.14622,1.06,20,4,0,0,2,2,12.7,10,0,1,0
43,6,C10H4N2F2S2:BH3,-0.2963,1.06,20,4,0,0,2,2,3.46,4,1,0,3
43,7,C10H4N2F2S2:BF3,-0.26434,1.06,20,4,0,0,2,2,16.95,4,1,0,0
43,8,C10H4N2F2S2:BCl3,-0.2945,1.06,20,4,0,0,2,2,29.29,4,1,0,0
43,9,C10H4N2F2S2:BBr3,-0.26404,1.06,20,4,0,0,2,2,62.63,4,1,0,0
43,10,C10H4N2F2S2:C18BF15,-0.37388,1.06,20,4,0,0,2,2,15.06,34,1,0,0
43,11,C10H4N2F2S2:BI3,-0.1563,1.06,20,4,0,0,2,2,97.88,4,1,0,0
43,12,C10H4N2F2S2:O2S,-0.0249,1.06,20,4,0,0,2,2,21.36,3,0,0,0
44,1,C17H10N2F2S3:AlCl3,-0.14844,1.03,34,10,0,0,2,2,33.33,4,0,1,0
44,2,C17H10N2F2S3:AlH3,-0.138,1.03,34,10,0,0,2,2,7.5,4,0,1,3
44,3,C17H10N2F2S3:C18F15Al,-0.16848,1.03,34,10,0,0,2,2,15.53,34,0,1,0
44,4,C17H10N2F2S3:C3H9Al,-0.12788,1.03,34,10,0,0,2,2,5.55,13,0,1,0
44,5,C17H10N2F2S3:C2H5AlCl2,-0.13548,1.03,34,10,0,0,2,2,12.7,10,0,1,0
44,6,C17H10N2F2S3:BH3,-0.29888,1.03,34,10,0,0,2,2,3.46,4,1,0,3
44,7,C17H10N2F2S3:BF3,-0.268,1.03,34,10,0,0,2,2,16.95,4,1,0,0
44,8,C17H10N2F2S3:BCl3,-0.29854,1.03,34,10,0,0,2,2,29.29,4,1,0,0
44,9,C17H10N2F2S3:BBr3,-0.2687,1.03,34,10,0,0,2,2,62.63,4,1,0,0
44,10,C17H10N2F2S3:C18BF15,-0.37336,1.03,34,10,0,0,2,2,15.06,34,1,0,0
44,11,C17H10N2F2S3:BI3,-0.17062,1.03,34,10,0,0,2,2,97.88,4,1,0,0
44,12,C17H10N2F2S3:O2S,-0.02672,1.03,34,10,0,0,2,2,21.36,3,0,0,0
45,2,C4H5N:AlH3,-0.11308,0.99,10,5,0,0,0,0,7.5,4,0,1,3
45,4,C4H5N:C3H9Al,-0.10308,0.99,10,5,0,0,0,0,5.55,13,0,1,0
45,6,C4H5N:BH3,-0.29226,0.99,10,5,0,0,0,0,3.46,4,1,0,3
45,7,C4H5N:BF3,-0.18884,0.99,10,5,0,0,0,0,16.95,4,1,0,0
45,8,C4H5N:BCl3,-0.29762,0.99,10,5,0,0,0,0,29.29,4,1,0,0
45,9,C4H5N:BBr3,-0.2945,0.99,10,5,0,0,0,0,62.63,4,1,0,0
45,10,C4H5N:C18BF15,-0.34534,0.99,10,5,0,0,0,0,15.06,34,1,0,0
45,11,C4H5N:BI3,-0.27086,0.99,10,5,0,0,0,0,97.88,4,1,0,0
46,1,C5H7N:AlCl3,-0.13912,0.98,13,7,0,0,0,0,33.33,4,0,1,0
46,2,C5H7N:AlH3,-0.1099,0.98,13,7,0,0,0,0,7.5,4,0,1,3
46,3,C5H7N:C18F15Al,-0.14164,0.98,13,7,0,0,0,0,15.53,34,0,1,0
46,4,C5H7N:C3H9Al,-0.09026,0.98,13,7,0,0,0,0,5.55,13,0,1,0
46,5,C5H7N:C2H5AlCl2,-0.12562,0.98,13,7,0,0,0,0,12.7,10,0,1,0
46,6,C5H7N:BH3,-0.2806,0.98,13,7,0,0,0,0,3.46,4,1,0,3
46,7,C5H7N:BF3,-0.1981,0.98,13,7,0,0,0,0,16.95,4,1,0,0
46,8,C5H7N:BCl3,-0.28226,0.98,13,7,0,0,0,0,29.29,4,1,0,0
46,9,C5H7N:BBr3,-0.27586,0.98,13,7,0,0,0,0,62.63,4,1,0,0
46,11,C5H7N:BI3,-0.25222,0.98,13,7,0,0,0,0,97.88,4,1,0,0
47,1,C5H7N:AlCl3,-0.15092,0.98,13,7,0,0,0,0,33.33,4,0,1,0
47,2,C5H7N:AlH3,-0.1358,0.98,13,7,0,0,0,0,7.5,4,0,1,3
47,3,C5H7N:C18F15Al,-0.1589,0.98,13,7,0,0,0,0,15.53,34,0,1,0
47,4,C5H7N:C3H9Al,-0.12482,0.98,13,7,0,0,0,0,5.55,13,0,1,0
47,5,C5H7N:C2H5AlCl2,-0.13756,0.98,13,7,0,0,0,0,12.7,10,0,1,0
47,6,C5H7N:BH3,-0.31618,0.98,13,7,0,0,0,0,3.46,4,1,0,3
47,7,C5H7N:BF3,-0.26432,0.98,13,7,0,0,0,0,16.95,4,1,0,0
47,8,C5H7N:BCl3,-0.30818,0.98,13,7,0,0,0,0,29.29,4,1,0,0
47,9,C5H7N:BBr3,-0.29994,0.98,13,7,0,0,0,0,62.63,4,1,0,0
47,10,C5H7N:C18BF15,-0.35104,0.98,13,7,0,0,0,0,15.06,34,1,0,0
47,11,C5H7N:BI3,-0.27818,0.98,13,7,0,0,0,0,97.88,4,1,0,0
47,12,C5H7N:O2S,-0.1251,0.98,13,7,0,0,0,0,21.36,3,0,0,0
48,1,C6H9N:AlCl3,-0.1389,0.98,16,9,0,0,0,0,33.33,4,0,1,0
48,2,C6H9N:AlH3,-0.12176,0.98,16,9,0,0,0,0,7.5,4,0,1,3
48,3,C6H9N:C18F15Al,-0.14876,0.98,16,9,0,0,0,0,15.53,34,0,1,0
48,4,C6H9N:C3H9Al,-0.11248,0.98,16,9,0,0,0,0,5.55,13,0,1,0
48,5,C6H9N:C2H5AlCl2,-0.12606,0.98,16,9,0,0,0,0,12.7,10,0,1,0
48,6,C6H9N:BH3,-0.30038,0.98,16,9,0,0,0,0,3.46,4,1,0,3
48,7,C6H9N:BF3,-0.258,0.98,16,9,0,0,0,0,16.95,4,1,0,0
48,8,C6H9N:BCl3,-0.28906,0.98,16,9,0,0,0,0,29.29,4,1,0,0
48,9,C6H9N:BBr3,-0.27952,0.98,16,9,0,0,0,0,62.63,4,1,0,0
48,10,C6H9N:C18BF15,-0.3393,0.98,16,9,0,0,0,0,15.06,34,1,0,0
48,11,C6H9N:BI3,-0.25926,0.98,16,9,0,0,0,0,97.88,4,1,0,0
48,12,C6H9N:O2S,-0.16008,0.98,16,9,0,0,0,0,21.36,3,0,0,0
49,1,C6H9N:AlCl3,-0.14898,0.98,16,9,0,0,0,0,33.33,4,0,1,0
49,2,C6H9N:AlH3,-0.12524,0.98,16,9,0,0,0,0,7.5,4,0,1,3
49,3,C6H9N:C18F15Al,-0.15402,0.98,16,9,0,0,0,0,15.53,34,0,1,0
49,4,C6H9N:C3H9Al,-0.10432,0.98,16,9,0,0,0,0,5.55,13,0,1,0
49,5,C6H9N:C2H5AlCl2,-0.1378,0.98,16,9,0,0,0,0,12.7,10,0,1,0
49,6,C6H9N:BH3,-0.30392,0.98,16,9,0,0,0,0,3.46,4,1,0,3
49,7,C6H9N:BF3,-0.2296,0.98,16,9,0,0,0,0,16.95,4,1,0,0
49,8,C6H9N:BCl3,-0.2971,0.98,16,9,0,0,0,0,29.29,4,1,0,0
49,9,C6H9N:BBr3,-0.29312,0.98,16,9,0,0,0,0,62.63,4,1,0,0
49,10,C6H9N:C18BF15,-0.34458,0.98,16,9,0,0,0,0,15.06,34,1,0,0
49,11,C6H9N:BI3,-0.27014,0.98,16,9,0,0,0,0,97.88,4,1,0,0
50,1,C4H3NF2:AlCl3,-0.13104,1.09,10,3,0,0,2,0,33.33,4,0,1,0
50,2,C4H3NF2:AlH3,-0.11022,1.09,10,3,0,0,2,0,7.5,4,0,1,3
50,3,C4H3NF2:C18F15Al,-0.14378,1.09,10,3,0,0,2,0,15.53,34,0,1,0
50,4,C4H3NF2:C3H9Al,-0.08894,1.09,10,3,0,0,2,0,5.55,13,0,1,0
50,5,C4H3NF2:C2H5AlCl2,-0.12188,1.09,10,3,0,0,2,0,12.7,10,0,1,0
50,6,C4H3NF2:BH3,-0.26972,1.09,10,3,0,0,2,0,3.46,4,1,0,3
50,7,C4H3NF2:BF3,-0.01534,1.09,10,3,0,0,2,0,16.95,4,1,0,0
50,8,C4H3NF2:BCl3,-0.0149,1.09,10,3,0,0,2,0,29.29,4,1,0,0
50,9,C4H3NF2:BBr3,-0.0164,1.09,10,3,0,0,2,0,62.63,4,1,0,0
50,10,C4H3NF2:C18BF15,-0.31982,1.09,10,3,0,0,2,0,15.06,34,1,0,0
50,11,C4H3NF2:BI3,-0.0039,1.09,10,3,0,0,2,0,97.88,4,1,0,0
51,2,C7H11N:AlH3,-0.10998,0.97,19,11,0,0,0,0,7.5,4,0,1,3
51,3,C7H11N:C18F15Al,-0.14878,0.97,19,11,0,0,0,0,15.53,34,0,1,0
51,4,C7H11N:C3H9Al,-0.09028,0.97,19,11,0,0,0,0,5.55,13,0,1,0
51,5,C7H11N:C2H5AlCl2,-0.1177,0.97,19,11,0,0,0,0,12.7,10,0,1,0
51,6,C7H11N:BH3,-0.28924,0.97,19,11,0,0,0,0,3.46,4,1,0,3
51,7,C7H11N:BF3,-0.22918,0.97,19,11,0,0,0,0,16.95,4,1,0,0
51,8,C7H11N:BCl3,-0.28098,0.97,19,11,0,0,0,0,29.29,4,1,0,0
51,9,C7H11N:BBr3,-0.27362,0.97,19,11,0,0,0,0,62.63,4,1,0,0
51,11,C7H11N:BI3,-0.25052,0.97,19,11,0,0,0,0,97.88,4,1,0,0
52,1,C5H5NF2:AlCl3,-0.12398,1.06,13,5,0,0,2,0,33.33,4,0,1,0
52,2,C5H5NF2:AlH3,-0.09898,1.06,13,5,0,0,2,0,7.5,4,0,1,3
52,3,C5H5NF2:C18F15Al,-0.13566,1.06,13,5,0,0,2,0,15.53,34,0,1,0
52,4,C5H5NF2:C3H9Al,-0.07616,1.06,13,5,0,0,2,0,5.55,13,0,1,0
52,5,C5H5NF2:C2H5AlCl2,-0.11006,1.06,13,5,0,0,2,0,12.7,10,0,1,0
52,6,C5H5NF2:BH3,-0.25192,1.06,13,5,0,0,2,0,3.46,4,1,0,3
52,12,C5H5NF2:O2S,-0.12642,1.06,13,5,0,0,2,0,21.36,3,0,0,0
53,1,C7H11N:AlCl3,-0.16168,0.97,19,11,0,0,0,0,33.33,4,0,1,0
53,2,C7H11N:AlH3,-0.14604,0.97,19,11,0,0,0,0,7.5,4,0,1,3
53,3,C7H11N:C18F15Al,-0.15582,0.97,19,11,0,0,0,0,15.53,34,0,1,0
53,4,C7H11N:C3H9Al,-0.1304,0.97,19,11,0,0,0,0,5.55,13,0,1,0
53,5,C7H11N:C2H5AlCl2,-0.14708,0.97,19,11,0,0,0,0,12.7,10,0,1,0
53,6,C7H11N:BH3,-0.31716,0.97,19,11,0,0,0,0,3.46,4,1,0,3
53,7,C7H11N:BF3,-0.26738,0.97,19,11,0,0,0,0,16.95,4,1,0,0
53,8,C7H11N:BCl3,-0.30816,0.97,19,11,0,0,0,0,29.29,4,1,0,0
53,9,C7H11N:BBr3,-0.30148,0.97,19,11,0,0,0,0,62.63,4,1,0,0
53,10,C7H11N:C18BF15,-0.35744,0.97,19,11,0,0,0,0,15.06,34,1,0,0
53,11,C7H11N:BI3,-0.28476,0.97,19,11,0,0,0,0,97.88,4,1,0,0
53,12,C7H11N:O2S,-0.15554,0.97,19,11,0,0,0,0,21.36,3,0,0,0
54,1,C5H5NF2:AlCl3,-0.14554,1.06,13,5,0,0,0,0,33.33,4,0,1,0
54,2,C5H5NF2:AlH3,-0.12828,1.06,13,5,0,0,0,0,7.5,4,0,1,3
54,3,C5H5NF2:C18F15Al,-0.1553,1.06,13,5,0,0,0,0,15.53,34,0,1,0
54,4,C5H5NF2:C3H9Al,-0.11604,1.06,13,5,0,0,0,0,5.55,13,0,1,0
54,5,C5H5NF2:C2H5AlCl2,-0.13674,1.06,13,5,0,0,0,0,12.7,10,0,1,0
54,6,C5H5NF2:BH3,-0.29168,1.06,13,5,0,0,0,0,3.46,4,1,0,3
54,7,C5H5NF2:BF3,-0.19046,1.06,13,5,0,0,0,0,16.95,4,1,0,0
54,8,C5H5NF2:BCl3,-0.27896,1.06,13,5,0,0,0,0,29.29,4,1,0,0
54,9,C5H5NF2:BBr3,-0.28016,1.06,13,5,0,0,0,0,62.63,4,1,0,0
54,10,C5H5NF2:C18BF15,-0.31808,1.06,13,5,0,0,0,0,15.06,34,1,0,0
54,11,C5H5NF2:BI3,-0.25116,1.06,13,5,0,0,0,0,97.88,4,1,0,0
54,12,C5H5NF2:O2S,-0.09532,1.06,13,5,0,0,0,0,21.36,3,0,0,0
55,1,C8H13N:AlCl3,-0.14126,0.97,22,13,0,0,0,0,33.33,4,0,1,0
55,2,C8H13N:AlH3,-0.12648,0.97,22,13,0,0,0,0,7.5,4,0,1,3
55,3,C8H13N:C18F15Al,-0.15646,0.97,22,13,0,0,0,0,15.53,34,0,1,0
55,4,C8H13N:C3H9Al,-0.11302,0.97,22,13,0,0,0,0,5.55,13,0,1,0
55,5,C8H13N:C2H5AlCl2,-0.1265,0.97,22,13,0,0,0,0,12.7,10,0,1,0
55,6,C8H13N:BH3,-0.31664,0.97,22,13,0,0,0,0,3.46,4,1,0,3
55,7,C8H13N:BF3,-0.25744,0.97,22,13,0,0,0,0,16.95,4,1,0,0
55,8,C8H13N:BCl3,-0.28576,0.97,22,13,0,0,0,0,29.29,4,1,0,0
55,9,C8H13N:BBr3,-0.27502,0.97,22,13,0,0,0,0,62.63,4,1,0,0
55,10,C8H13N:C18BF15,-0.3334,0.97,22,13,0,0,0,0,15.06,34,1,0,0
55,11,C8H13N:BI3,-0.2521,0.97,22,13,0,0,0,0,97.88,4,1,0,0
55,12,C8H13N:O2S,-0.17714,0.97,22,13,0,0,0,0,21.36,3,0,0,0
56,1,C6H7NF2:AlCl3,-0.137,1.04,16,7,0,0,0,0,33.33,4,0,1,0
56,2,C6H7NF2:AlH3,-0.11772,1.04,16,7,0,0,0,0,7.5,4,0,1,3
56,3,C6H7NF2:C18F15Al,-0.1502,1.04,16,7,0,0,0,0,15.53,34,0,1,0
56,4,C6H7NF2:C3H9Al,-0.10584,1.04,16,7,0,0,0,0,5.55,13,0,1,0
56,5,C6H7NF2:C2H5AlCl2,-0.12202,1.04,16,7,0,0,0,0,12.7,10,0,1,0
56,6,C6H7NF2:BH3,-0.28148,1.04,16,7,0,0,0,0,3.46,4,1,0,3
56,7,C6H7NF2:BF3,-0.21246,1.04,16,7,0,0,0,0,16.95,4,1,0,0
56,8,C6H7NF2:BCl3,-0.26702,1.04,16,7,0,0,0,0,29.29,4,1,0,0
56,9,C6H7NF2:BBr3,-0.26898,1.04,16,7,0,0,0,0,62.63,4,1,0,0
56,11,C6H7NF2:BI3,-0.2425,1.04,16,7,0,0,0,0,97.88,4,1,0,0
56,12,C6H7NF2:O2S,-0.10692,1.04,16,7,0,0,0,0,21.36,3,0,0,0
57,1,C9H4N2O:AlCl3,-0.15466,1.03,16,4,0,0,0,0,33.33,4,0,1,0
57,2,C9H4N2O:AlH3,-0.13268,1.03,16,4,0,0,0,0,7.5,4,0,1,3
57,3,C9H4N2O:C18F15Al,-0.16666,1.03,16,4,0,0,0,0,15.53,34,0,1,0
57,4,C9H4N2O:C3H9Al,-0.12626,1.03,16,4,0,0,0,0,5.55,13,0,1,0
57,5,C9H4N2O:C2H5AlCl2,-0.14608,1.03,16,4,0,0,0,0,12.7,10,0,1,0
57,6,C9H4N2O:BH3,-0.25836,1.03,16,4,0,0,0,0,3.46,4,1,0,3
57,7,C9H4N2O:BF3,-0.15674,1.03,16,4,0,0,0,0,16.95,4,1,0,0
57,8,C9H4N2O:BCl3,-0.30432,1.03,16,4,0,0,0,0,29.29,4,1,0,0
57,9,C9H4N2O:BBr3,-0.27726,1.03,16,4,0,0,0,0,62.63,4,1,0,0
57,10,C9H4N2O:C18BF15,-0.35798,1.03,16,4,0,0,0,0,15.06,34,1,0,0
57,11,C9H4N2O:BI3,-0.19434,1.03,16,4,0,0,0,0,97.88,4,1,0,0
57,12,C9H4N2O:O2S,0.0031,1.03,16,4,0,0,0,0,21.36,3,0,0,0
58,1,C10H6N2O:AlCl3,-0.1587,1.02,19,6,0,0,0,0,33.33,4,0,1,0
58,2,C10H6N2O:AlH3,-0.1381,1.02,19,6,0,0,0,0,7.5,4,0,1,3
58,3,C10H6N2O:C18F15Al,-0.17234,1.02,19,6,0,0,0,0,15.53,34,0,1,0
58,4,C10H6N2O:C3H9Al,-0.13196,1.02,19,6,0,0,0,0,5.55,13,0,1,0
58,5,C10H6N2O:C2H5AlCl2,-0.15012,1.02,19,6,0,0,0,0,12.7,10,0,1,0
58,6,C10H6N2O:BH3,-0.2665,1.02,19,6,0,0,0,0,3.46,4,1,0,3
58,7,C10H6N2O:BF3,-0.19036,1.02,19,6,0,0,0,0,16.95,4,1,0,0
58,8,C10H6N2O:BCl3,-0.31126,1.02,19,6,0,0,0,0,29.29,4,1,0,0
58,9,C10H6N2O:BBr3,-0.28542,1.02,19,6,0,0,0,0,62.63,4,1,0,0
58,10,C10H6N2O:C18BF15,-0.36096,1.02,19,6,0,0,0,0,15.06,34,1,0,0
58,11,C10H6N2O:BI3,-0.20688,1.02,19,6,0,0,0,0,97.88,4,1,0,0
58,12,C10H6N2O:O2S,0.00034,1.02,19,6,0,0,0,0,21.36,3,0,0,0
59,1,C9H3N2OF:AlCl3,-0.15368,1.06,16,3,0,0,0,0,33.33,4,0,1,0
59,2,C9H3N2OF:AlH3,-0.1324,1.06,16,3,0,0,0,0,7.5,4,0,1,3
59,3,C9H3N2OF:C18F15Al,-0.16662,1.06,16,3,0,0,0,0,15.53,34,0,1,0
59,4,C9H3N2OF:C3H9Al,-0.12582,1.06,16,3,0,0,0,0,5.55,13,0,1,0
59,5,C9H3N2OF:C2H5AlCl2,-0.14458,1.06,16,3,0,0,0,0,12.7,10,0,1,0
59,6,C9H3N2OF:BH3,-0.25814,1.06,16,3,0,0,0,0,3.46,4,1,0,3
59,7,C9H3N2OF:BF3,-0.1214,1.06,16,3,0,0,0,0,16.95,4,1,0,0
59,8,C9H3N2OF:BCl3,-0.30328,1.06,16,3,0,0,0,0,29.29,4,1,0,0
59,9,C9H3N2OF:BBr3,-0.27592,1.06,16,3,0,0,0,0,62.63,4,1,0,0
59,10,C9H3N2OF:C18BF15,-0.36352,1.06,16,3,0,0,0,0,15.06,34,1,0,0
59,11,C9H3N2OF:BI3,-0.18616,1.06,16,3,0,0,0,0,97.88,4,1,0,0
59,12,C9H3N2OF:O2S,0.00386,1.06,16,3,0,0,0,0,21.36,3,0,0,0
60,1,C9H2N2OF2:AlCl3,-0.14756,1.09,16,2,0,0,0,0,33.33,4,0,1,0
60,2,C9H2N2OF2:AlH3,-0.124,1.09,16,2,0,0,0,0,7.5,4,0,1,3
60,3,C9H2N2OF2:C18F15Al,-0.16848,1.09,16,2,0,0,0,0,15.53,34,0,1,0
60,4,C9H2N2OF2:C3H9Al,-0.11712,1.09,16,2,0,0,0,0,5.55,13,0,1,0
60,5,C9H2N2OF2:C2H5AlCl2,-0.14316,1.09,16,2,0,0,0,0,12.7,10,0,1,0
60,6,C9H2N2OF2:BH3,-0.24548,1.09,16,2,0,0,0,0,3.46,4,1,0,3
60,7,C9H2N2OF2:BF3,-0.12222,1.09,16,2,0,0,0,0,16.95,4,1,0,0
60,8,C9H2N2OF2:BCl3,-0.29086,1.09,16,2,0,0,0,0,29.29,4,1,0,0
60,9,C9H2N2OF2:BBr3,-0.26066,1.09,16,2,0,0,0,0,62.63,4,1,0,0
60,10,C9H2N2OF2:C18BF15,-0.33522,1.09,16,2,0,0,0,0,15.06,34,1,0,0
60,11,C9H2N2OF2:BI3,-0.16022,1.09,16,2,0,0,0,0,97.88,4,1,0,0
60,12,C9H2N2OF2:O2S,-6e-05,1.09,16,2,0,0,0,0,21.36,3,0,0,0
61,1,C9H2N2OCl2:AlCl3,-0.15044,1.07,16,2,0,0,0,0,33.33,4,0,1,0
61,2,C9H2N2OCl2:AlH3,-0.12546,1.07,16,2,0,0,0,0,7.5,4,0,1,3
61,3,C9H2N2OCl2:C18F15Al,-0.1576,1.07,16,2,0,0,0,0,15.53,34,0,1,0
61,4,C9H2N2OCl2:C3H9Al,-0.11686,1.07,16,2,0,0,0,0,5.55,13,0,1,0
61,5,C9H2N2OCl2:C2H5AlCl2,-0.14166,1.07,16,2,0,0,0,0,12.7,10,0,1,0
61,6,C9H2N2OCl2:BH3,-0.2475,1.07,16,2,0,0,0,0,3.46,4,1,0,3
61,7,C9H2N2OCl2:BF3,-0.14576,1.07,16,2,0,0,0,0,16.95,4,1,0,0
61,8,C9H2N2OCl2:BCl3,-0.29638,1.07,16,2,0,0,0,0,29.29,4,1,0,0
61,9,C9H2N2OCl2:BBr3,-0.26538,1.07,16,2,0,0,0,0,62.63,4,1,0,0
61,10,C9H2N2OCl2:C18BF15,-0.36012,1.07,16,2,0,0,0,0,15.06,34,1,0,0
61,11,C9H2N2OCl2:BI3,-0.16688,1.07,16,2,0,0,0,0,97.88,4,1,0,0
61,12,C9H2N2OCl2:O2S,0.00124,1.07,16,2,0,0,0,0,21.36,3,0,0,0
62,1,C11H4N2OS:AlCl3,-0.1555,1.03,19,4,0,0,0,0,33.33,4,0,1,0
62,2,C11H4N2OS:AlH3,-0.13488,1.03,19,4,0,0,0,0,7.5,4,0,1,3
62,3,C11H4N2OS:C18F15Al,-0.16944,1.03,19,4,0,0,0,0,15.53,34,0,1,0
62,4,C11H4N2OS:C3H9Al,-0.1316,1.03,19,4,0,0,0,0,5.55,13,0,1,0
62,5,C11H4N2OS:C2H5AlCl2,-0.15166,1.03,19,4,0,0,0,0,12.7,10,0,1,0
62,6,C11H4N2OS:BH3,-0.27072,1.03,19,4,0,0,0,0,3.46,4,1,0,3
62,7,C11H4N2OS:BF3,-0.20934,1.03,19,4,0,0,0,0,16.95,4,1,0,0
62,8,C11H4N2OS:BCl3,-0.31166,1.03,19,4,0,0,0,0,29.29,4,1,0,0
62,9,C11H4N2OS:BBr3,-0.28672,1.03,19,4,0,0,0,0,62.63,4,1,0,0
62,10,C11H4N2OS:C18BF15,-0.35398,1.03,19,4,0,0,0,0,15.06,34,1,0,0
62,11,C11H4N2OS:BI3,-0.2081,1.03,19,4,0,0,0,0,97.88,4,1,0,0
62,12,C11H4N2OS:O2S,-0.00086,1.03,19,4,0,0,0,0,21.36,3,0,0,0
63,1,C13H6N2O:AlCl3,-0.15562,1.01,22,6,0,0,0,0,33.33,4,0,1,0
63,2,C13H6N2O:AlH3,-0.13504,1.01,22,6,0,0,0,0,7.5,4,0,1,3
63,3,C13H6N2O:C18F15Al,-0.14224,1.01,22,6,0,0,0,0,15.53,34,0,1,0
63,4,C13H6N2O:C3H9Al,-0.13048,1.01,22,6,0,0,0,0,5.55,13,0,1,0
63,5,C13H6N2O:C2H5AlCl2,-0.14822,1.01,22,6,0,0,0,0,12.7,10,0,1,0
63,6,C13H6N2O:BH3,-0.26786,1.01,22,6,0,0,0,0,3.46,4,1,0,3
63,7,C13H6N2O:BF3,-0.20514,1.01,22,6,0,0,0,0,16.95,4,1,0,0
63,8,C13H6N2O:BCl3,-0.30602,1.01,22,6,0,0,0,0,29.29,4,1,0,0
63,9,C13H6N2O:BBr3,-0.27994,1.01,22,6,0,0,0,0,62.63,4,1,0,0
63,10,C13H6N2O:C18BF15,-0.35336,1.01,22,6,0,0,0,0,15.06,34,1,0,0
63,11,C13H6N2O:BI3,-0.21264,1.01,22,6,0,0,0,0,97.88,4,1,0,0
63,12,C13H6N2O:O2S,0.00012,1.01,22,6,0,0,0,0,21.36,3,0,0,0
64,1,C14H8N2O:AlCl3,-0.1579,1.01,25,8,0,0,0,0,33.33,4,0,1,0
64,2,C14H8N2O:AlH3,-0.1377,1.01,25,8,0,0,0,0,7.5,4,0,1,3
64,3,C14H8N2O:C18F15Al,-0.16208,1.01,25,8,0,0,0,0,15.53,34,0,1,0
64,4,C14H8N2O:C3H9Al,-0.13134,1.01,25,8,0,0,0,0,5.55,13,0,1,0
64,5,C14H8N2O:C2H5AlCl2,-0.15024,1.01,25,8,0,0,0,0,12.7,10,0,1,0
64,6,C14H8N2O:BH3,-0.27192,1.01,25,8,0,0,0,0,3.46,4,1,0,3
64,7,C14H8N2O:BF3,-0.21342,1.01,25,8,0,0,0,0,16.95,4,1,0,0
64,8,C14H8N2O:BCl3,-0.30968,1.01,25,8,0,0,0,0,29.29,4,1,0,0
64,9,C14H8N2O:BBr3,-0.28488,1.01,25,8,0,0,0,0,62.63,4,1,0,0
64,10,C14H8N2O:C18BF15,-0.35446,1.01,25,8,0,0,0,0,15.06,34,1,0,0
64,11,C14H8N2O:BI3,-0.21918,1.01,25,8,0,0,0,0,97.88,4,1,0,0
64,12,C14H8N2O:O2S,-0.00078,1.01,25,8,0,0,0,0,21.36,3,0,0,0
65,1,C13H5N2OF:AlCl3,-0.15468,1.04,22,5,0,0,1,0,33.33,4,0,1,0
65,2,C13H5N2OF:AlH3,-0.1338,1.04,22,5,0,0,1,0,7.5,4,0,1,3
65,3,C13H5N2OF:C18F15Al,-0.1591,1.04,22,5,0,0,1,0,15.53,34,0,1,0
65,4,C13H5N2OF:C3H9Al,-0.12978,1.04,22,5,0,0,1,0,5.55,13,0,1,0
65,5,C13H5N2OF:C2H5AlCl2,-0.14676,1.04,22,5,0,0,1,0,12.7,10,0,1,0
65,6,C13H5N2OF:BH3,-0.26716,1.04,22,5,0,0,1,0,3.46,4,1,0,3
65,7,C13H5N2OF:BF3,-0.20368,1.04,22,5,0,0,1,0,16.95,4,1,0,0
65,8,C13H5N2OF:BCl3,-0.30464,1.04,22,5,0,0,1,0,29.29,4,1,0,0
65,9,C13H5N2OF:BBr3,-0.27886,1.04,22,5,0,0,1,0,62.63,4,1,0,0
65,10,C13H5N2OF:C18BF15,-0.35118,1.04,22,5,0,0,1,0,15.06,34,1,0,0
65,11,C13H5N2OF:BI3,-0.20716,1.04,22,5,0,0,1,0,97.88,4,1,0,0
65,12,C13H5N2OF:O2S,0.00114,1.04,22,5,0,0,1,0,21.36,3,0,0,0
66,1,C13H4N2OF2:AlCl3,-0.151,1.06,22,4,0,0,2,0,33.33,4,0,1,0
66,2,C13H4N2OF2:AlH3,-0.13,1.06,22,4,0,0,2,0,7.5,4,0,1,3
66,3,C13H4N2OF2:C18F15Al,-0.1396,1.06,22,4,0,0,2,0,15.53,34,0,1,0
66,4,C13H4N2OF2:C3H9Al,-0.12438,1.06,22,4,0,0,2,0,5.55,13,0,1,0
66,5,C13H4N2OF2:C2H5AlCl2,-0.143,1.06,22,4,0,0,2,0,12.7,10,0,1,0
66,6,C13H4N2OF2:BH3,-0.2597,1.06,22,4,0,0,2,0,3.46,4,1,0,3
66,7,C13H4N2OF2:BF3,-0.18604,1.06,22,4,0,0,2,0,16.95,4,1,0,0
66,8,C13H4N2OF2:BCl3,-0.2974,1.06,22,4,0,0,2,0,29.29,4,1,0,0
66,9,C13H4N2OF2:BBr3,-0.26852,1.06,22,4,0,0,2,0,62.63,4,1,0,0
66,10,C13H4N2OF2:C18BF15,-0.35282,1.06,22,4,0,0,2,0,15.06,34,1,0,0
66,11,C13H4N2OF2:BI3,-0.19424,1.06,22,4,0,0,2,0,97.88,4,1,0,0
66,12,C13H4N2OF2:O2S,0.00806,1.06,22,4,0,0,2,0,21.36,3,0,0,0
67,1,C13H4N2OCl2:AlCl3,-0.15284,1.04,22,4,0,0,2,0,33.33,4,0,1,0
67,2,C13H4N2OCl2:AlH3,-0.12942,1.04,22,4,0,0,2,0,7.5,4,0,1,3
67,3,C13H4N2OCl2:C18F15Al,-0.1378,1.04,22,4,0,0,2,0,15.53,34,0,1,0
67,4,C13H4N2OCl2:C3H9Al,-0.1226,1.04,22,4,0,0,2,0,5.55,13,0,1,0
67,5,C13H4N2OCl2:C2H5AlCl2,-0.14448,1.04,22,4,0,0,2,0,12.7,10,0,1,0
67,6,C13H4N2OCl2:BH3,-0.2587,1.04,22,4,0,0,2,0,3.46,4,1,0,3
67,7,C13H4N2OCl2:BF3,-0.18572,1.04,22,4,0,0,2,0,16.95,4,1,0,0
67,8,C13H4N2OCl2:BCl3,-0.29874,1.04,22,4,0,0,2,0,29.29,4,1,0,0
67,9,C13H4N2OCl2:BBr3,-0.27834,1.04,22,4,0,0,2,0,62.63,4,1,0,0
67,10,C13H4N2OCl2:C18BF15,-0.3401,1.04,22,4,0,0,2,0,15.06,34,1,0,0
67,11,C13H4N2OCl2:BI3,-0.19476,1.04,22,4,0,0,2,0,97.88,4,1,0,0
67,12,C13H4N2OCl2:O2S,0.00354,1.04,22,4,0,0,2,0,21.36,3,0,0,0
68,1,C9H7NO:AlCl3,-0.13906,1.0,18,7,0,0,0,0,33.33,4,0,1,0
68,2,C9H7NO:AlH3,-0.11892,1.0,18,7,0,0,0,0,7.5,4,0,1,3
68,3,C9H7NO:C18F15Al,-0.13718,1.0,18,7,0,0,0,0,15.53,34,0,1,0
68,4,C9H7NO:C3H9Al,-0.10048,1.0,18,7,0,0,0,0,5.55,13,0,1,0
68,5,C9H7NO:C2H5AlCl2,-0.1287,1.0,18,7,0,0,0,0,12.7,10,0,1,0
68,6,C9H7NO:BH3,-0.2864,1.0,18,7,0,0,0,0,3.46,4,1,0,3
68,7,C9H7NO:BF3,-0.21148,1.0,18,7,0,0,0,0,16.95,4,1,0,0
68,8,C9H7NO:BCl3,-0.28152,1.0,18,7,0,0,0,0,29.29,4,1,0,0
68,9,C9H7NO:BBr3,-0.27146,1.0,18,7,0,0,0,0,62.63,4,1,0,0
68,10,C9H7NO:C18BF15,-0.32594,1.0,18,7,0,0,0,0,15.06,34,1,0,0
68,11,C9H7NO:BI3,-0.24324,1.0,18,7,0,0,0,0,97.88,4,1,0,0
68,12,C9H7NO:O2S,-0.04564,1.0,18,7,0,0,0,0,21.36,3,0,0,0
69,1,C10H9NO:AlCl3,-0.12416,1.0,21,9,0,0,0,0,33.33,4,0,1,0
69,2,C10H9NO:AlH3,-0.10052,1.0,21,9,0,0,0,0,7.5,4,0,1,3
69,3,C10H9NO:C18F15Al,-0.1095,1.0,21,9,0,0,0,0,15.53,34,0,1,0
69,4,C10H9NO:C3H9Al,-0.08118,1.0,21,9,0,0,0,0,5.55,13,0,1,0
69,5,C10H9NO:C2H5AlCl2,-0.10934,1.0,21,9,0,0,0,0,12.7,10,0,1,0
69,6,C10H9NO:BH3,-0.26662,1.0,21,9,0,0,0,0,3.46,4,1,0,3
69,7,C10H9NO:BF3,-0.20746,1.0,21,9,0,0,0,0,16.95,4,1,0,0
69,8,C10H9NO:BCl3,-0.26022,1.0,21,9,0,0,0,0,29.29,4,1,0,0
69,9,C10H9NO:BBr3,-0.24884,1.0,21,9,0,0,0,0,62.63,4,1,0,0
69,10,C10H9NO:C18BF15,-0.2892,1.0,21,9,0,0,0,0,15.06,34,1,0,0
69,11,C10H9NO:BI3,-0.21384,1.0,21,9,0,0,0,0,97.88,4,1,0,0
69,12,C10H9NO:O2S,-0.05754,1.0,21,9,0,0,0,0,21.36,3,0,0,0
70,1,C9H6NOF:AlCl3,-0.13688,1.03,18,6,0,0,1,0,33.33,4,0,1,0
70,2,C9H6NOF:AlH3,-0.116,1.03,18,6,0,0,1,0,7.5,4,0,1,3
70,3,C9H6NOF:C18F15Al,-0.13362,1.03,18,6,0,0,1,0,15.53,34,0,1,0
70,4,C9H6NOF:C3H9Al,-0.09708,1.03,18,6,0,0,1,0,5.55,13,0,1,0
70,5,C9H6NOF:C2H5AlCl2,-0.12002,1.03,18,6,0,0,1,0,12.7,10,0,1,0
70,6,C9H6NOF:BH3,-0.28294,1.03,18,6,0,0,1,0,3.46,4,1,0,3
70,7,C9H6NOF:BF3,-0.20068,1.03,18,6,0,0,1,0,16.95,4,1,0,0
70,8,C9H6NOF:BCl3,-0.27712,1.03,18,6,0,0,1,0,29.29,4,1,0,0
70,9,C9H6NOF:BBr3,-0.26876,1.03,18,6,0,0,1,0,62.63,4,1,0,0
70,10,C9H6NOF:C18BF15,-0.32092,1.03,18,6,0,0,1,0,15.06,34,1,0,0
70,11,C9H6NOF:BI3,-0.2376,1.03,18,6,0,0,1,0,97.88,4,1,0,0
71,1,C10H8NOF:AlCl3,-0.12184,1.02,21,8,0,0,1,0,33.33,4,0,1,0
71,2,C10H8NOF:AlH3,-0.09774,1.02,21,8,0,0,1,0,7.5,4,0,1,3
71,3,C10H8NOF:C18F15Al,-0.12482,1.02,21,8,0,0,1,0,15.53,34,0,1,0
71,4,C10H8NOF:C3H9Al,-0.07766,1.02,21,8,0,0,1,0,5.55,13,0,1,0
71,5,C10H8NOF:C2H5AlCl2,-0.10696,1.02,21,8,0,0,1,0,12.7,10,0,1,0
71,6,C10H8NOF:BH3,-0.26324,1.02,21,8,0,0,1,0,3.46,4,1,0,3
71,7,C10H8NOF:BF3,-0.19852,1.02,21,8,0,0,1,0,16.95,4,1,0,0
71,8,C10H8NOF:BCl3,-0.25636,1.02,21,8,0,0,1,0,29.29,4,1,0,0
71,9,C10H8NOF:BBr3,-0.24582,1.02,21,8,0,0,1,0,62.63,4,1,0,0
71,11,C10H8NOF:BI3,-0.20712,1.02,21,8,0,0,1,0,97.88,4,1,0,0
71,12,C10H8NOF:O2S,-0.05198,1.02,21,8,0,0,1,0,21.36,3,0,0,0
72,1,C9H5NOF2:AlCl3,-0.13606,1.06,18,5,0,0,2,0,33.33,4,0,1,0
72,2,C9H5NOF2:AlH3,-0.11554,1.06,18,5,0,0,2,0,7.5,4,0,1,3
72,3,C9H5NOF2:C18F15Al,-0.1158,1.06,18,5,0,0,2,0,15.53,34,0,1,0
72,4,C9H5NOF2:C3H9Al,-0.09714,1.06,18,5,0,0,2,0,5.55,13,0,1,0
72,5,C9H5NOF2:C2H5AlCl2,-0.12248,1.06,18,5,0,0,2,0,12.7,10,0,1,0
72,6,C9H5NOF2:BH3,-0.28342,1.06,18,5,0,0,2,0,3.46,4,1,0,3
72,7,C9H5NOF2:BF3,-0.20256,1.06,18,5,0,0,2,0,16.95,4,1,0,0
72,8,C9H5NOF2:BCl3,-0.27622,1.06,18,5,0,0,2,0,29.29,4,1,0,0
72,9,C9H5NOF2:BBr3,-0.26658,1.06,18,5,0,0,2,0,62.63,4,1,0,0
72,10,C9H5NOF2:C18BF15,-0.30452,1.06,18,5,0,0,2,0,15.06,34,1,0,0
72,11,C9H5NOF2:BI3,-0.23178,1.06,18,5,0,0,2,0,97.88,4,1,0,0
73,1,C10H7NOF2:AlCl3,-0.12106,1.05,21,7,0,0,2,0,33.33,4,0,1,0
73,2,C10H7NOF2:AlH3,-0.09744,1.05,21,7,0,0,2,0,7.5,4,0,1,3
73,3,C10H7NOF2:C18F15Al,-0.12404,1.05,21,7,0,0,2,0,15.53,34,0,1,0
73,4,C10H7NOF2:C3H9Al,-0.07812,1.05,21,7,0,0,2,0,5.55,13,0,1,0
73,5,C10H7NOF2:C2H5AlCl2,-0.11096,1.05,21,7,0,0,2,0,12.7,10,0,1,0
73,6,C10H7NOF2:BH3,-0.26388,1.05,21,7,0,0,2,0,3.46,4,1,0,3
73,7,C10H7NOF2:BF3,-0.20066,1.05,21,7,0,0,2,0,16.95,4,1,0,0
73,8,C10H7NOF2:BCl3,-0.25536,1.05,21,7,0,0,2,0,29.29,4,1,0,0
73,9,C10H7NOF2:BBr3,-0.24386,1.05,21,7,0,0,2,0,62.63,4,1,0,0
73,11,C10H7NOF2:BI3,-0.20078,1.05,21,7,0,0,2,0,97.88,4,1,0,0
74,1,C17H12N2O:AlCl3,-0.1419,1.0,32,12,0,0,0,0,33.33,4,0,1,0
74,2,C17H12N2O:AlH3,-0.13078,1.0,32,12,0,0,0,0,7.5,4,0,1,3
74,3,C17H12N2O:C18F15Al,-0.15146,1.0,32,12,0,0,0,0,15.53,34,0,1,0
74,4,C17H12N2O:C3H9Al,-0.11644,1.0,32,12,0,0,0,0,5.55,13,0,1,0
74,5,C17H12N2O:C2H5AlCl2,-0.12922,1.0,32,12,0,0,0,0,12.7,10,0,1,0
74,6,C17H12N2O:BH3,-0.30748,1.0,32,12,0,0,0,0,3.46,4,1,0,3
74,7,C17H12N2O:BF3,-0.25666,1.0,32,12,0,0,0,0,16.95,4,1,0,0
74,8,C17H12N2O:BCl3,-0.2899,1.0,32,12,0,0,0,0,29.29,4,1,0,0
74,9,C17H12N2O:BBr3,-0.27464,1.0,32,12,0,0,0,0,62.63,4,1,0,0
74,10,C17H12N2O:C18BF15,-0.3362,1.0,32,12,0,0,0,0,15.06,34,1,0,0
74,11,C17H12N2O:BI3,-0.23994,1.0,32,12,0,0,0,0,97.88,4,1,0,0
74,12,C17H12N2O:O2S,-0.0979,1.0,32,12,0,0,0,0,21.36,3,0,0,0
75,1,C19H16N2O:AlCl3,-0.12874,0.99,38,16,0,0,0,0,33.33,4,0,1,0
75,2,C19H16N2O:AlH3,-0.11328,0.99,38,16,0,0,0,0,7.5,4,0,1,3
75,3,C19H16N2O:C18F15Al,-0.12176,0.99,38,16,0,0,0,0,15.53,34,0,1,0
75,4,C19H16N2O:C3H9Al,-0.09936,0.99,38,16,0,0,0,0,5.55,13,0,1,0
75,5,C19H16N2O:C2H5AlCl2,-0.11936,0.99,38,16,0,0,0,0,12.7,10,0,1,0
75,6,C19H16N2O:BH3,-0.28558,0.99,38,16,0,0,0,0,3.46,4,1,0,3
75,7,C19H16N2O:BF3,-0.24012,0.99,38,16,0,0,0,0,16.95,4,1,0,0
75,8,C19H16N2O:BCl3,-0.26716,0.99,38,16,0,0,0,0,29.29,4,1,0,0
75,9,C19H16N2O:BBr3,-0.25194,0.99,38,16,0,0,0,0,62.63,4,1,0,0
75,10,C19H16N2O:C18BF15,-0.01499,0.99,38,16,0,0,0,0,15.06,34,1,0,0
75,11,C19H16N2O:BI3,-0.2178,0.99,38,16,0,0,0,0,97.88,4,1,0,0
75,12,C19H16N2O:O2S,-0.11514,0.99,38,16,0,0,0,0,21.36,3,0,0,0
76,1,C12H11N:AlCl3,-0.16164,0.98,24,11,0,0,0,0,33.33,4,0,1,0
76,2,C12H11N:AlH3,-0.15492,0.98,24,11,0,0,0,0,7.5,4,0,1,3
76,3,C12H11N:C18F15Al,-0.16358,0.98,24,11,0,0,0,0,15.53,34,0,1,0
76,4,C12H11N:C3H9Al,-0.14476,0.98,24,11,0,0,0,0,5.55,13,0,1,0
76,5,C12H11N:C2H5AlCl2,-0.15338,0.98,24,11,0,0,0,0,12.7,10,0,1,0
76,6,C12H11N:BH3,-0.34276,0.98,24,11,0,0,0,0,3.46,4,1,0,3
76,7,C12H11N:BF3,-0.2956,0.98,24,11,0,0,0,0,16.95,4,1,0,0
76,8,C12H11N:BCl3,-0.31536,0.98,24,11,0,0,0,0,29.29,4,1,0,0
76,9,C12H11N:BBr3,-0.29996,0.98,24,11,0,0,0,0,62.63,4,1,0,0
76,10,C12H11N:C18BF15,-0.36446,0.98,24,11,0,0,0,0,15.06,34,1,0,0
76,11,C12H11N:BI3,-0.27132,0.98,24,11,0,0,0,0,97.88,4,1,0,0
76,12,C12H11N:O2S,-0.16944,0.98,24,11,0,0,0,0,21.36,3,0,0,0
77,1,C13H13N:AlCl3,-0.14008,0.98,27,13,0,0,0,0,33.33,4,0,1,0
77,2,C13H13N:AlH3,-0.13338,0.98,27,13,0,0,0,0,7.5,4,0,1,3
77,3,C13H13N:C18F15Al,-0.15296,0.98,27,13,0,0,0,0,15.53,34,0,1,0
77,4,C13H13N:C3H9Al,-0.12504,0.98,27,13,0,0,0,0,5.55,13,0,1,0
77,5,C13H13N:C2H5AlCl2,-0.1298,0.98,27,13,0,0,0,0,12.7,10,0,1,0
77,6,C13H13N:BH3,-0.32382,0.98,27,13,0,0,0,0,3.46,4,1,0,3
77,7,C13H13N:BF3,-0.2835,0.98,27,13,0,0,0,0,16.95,4,1,0,0
77,8,C13H13N:BCl3,-0.28886,0.98,27,13,0,0,0,0,29.29,4,1,0,0
77,9,C13H13N:BBr3,-0.27234,0.98,27,13,0,0,0,0,62.63,4,1,0,0
77,10,C13H13N:C18BF15,-0.34832,0.98,27,13,0,0,0,0,15.06,34,1,0,0
77,11,C13H13N:BI3,-0.24326,0.98,27,13,0,0,0,0,97.88,4,1,0,0
77,12,C13H13N:O2S,-0.20206,0.98,27,13,0,0,0,0,21.36,3,0,0,0
78,1,C12H7NO2:AlCl3,-0.12312,1.02,22,7,0,1,0,0,33.33,4,0,1,0
78,2,C12H7NO2:AlH3,-0.10128,1.02,22,7,0,1,0,0,7.5,4,0,1,3
78,3,C12H7NO2:C18F15Al,-0.12276,1.02,22,7,0,1,0,0,15.53,34,0,1,0
78,4,C12H7NO2:C3H9Al,-0.06722,1.02,22,7,0,1,0,0,5.55,13,0,1,0
78,5,C12H7NO2:C2H5AlCl2,-0.10904,1.02,22,7,0,1,0,0,12.7,10,0,1,0
78,6,C12H7NO2:BH3,-0.2547,1.02,22,7,0,1,0,0,3.46,4,1,0,3
78,7,C12H7NO2:BF3,-0.0035,1.02,22,7,0,1,0,0,16.95,4,1,0,0
79,1,C13H9NO2:AlCl3,-0.12126,1.01,25,9,0,1,0,0,33.33,4,0,1,0
79,2,C13H9NO2:AlH3,-0.086,1.01,25,9,0,1,0,0,7.5,4,0,1,3
79,3,C13H9NO2:C18F15Al,-0.10602,1.01,25,9,0,1,0,0,15.53,34,0,1,0
79,5,C13H9NO2:C2H5AlCl2,-0.101,1.01,25,9,0,1,0,0,12.7,10,0,1,0
79,6,C13H9NO2:BH3,-0.23784,1.01,25,9,0,1,0,0,3.46,4,1,0,3
79,7,C13H9NO2:BF3,-0.00264,1.01,25,9,0,1,0,0,16.95,4,1,0,0
79,12,C13H9NO2:O2S,-0.00948,1.01,25,9,0,1,0,0,21.36,3,0,0,0
80,1,C17H8N2OF4:AlCl3,-0.13678,1.06,32,8,0,0,4,0,33.33,4,0,1,0
80,2,C17H8N2OF4:AlH3,-0.13028,1.06,32,8,0,0,4,0,7.5,4,0,1,3
80,3,C17H8N2OF4:C18F15Al,-0.12298,1.06,32,8,0,0,4,0,15.53,34,0,1,0
80,4,C17H8N2OF4:C3H9Al,-0.10884,1.06,32,8,0,0,4,0,5.55,13,0,1,0
80,5,C17H8N2OF4:C2H5AlCl2,-0.1217,1.06,32,8,0,0,4,0,12.7,10,0,1,0
80,6,C17H8N2OF4:BH3,-0.32418,1.06,32,8,0,0,4,0,3.46,4,1,0,3
80,7,C17H8N2OF4:BF3,-0.25276,1.06,32,8,0,0,4,0,16.95,4,1,0,0
80,8,C17H8N2OF4:BCl3,-0.2774,1.06,32,8,0,0,4,0,29.29,4,1,0,0
80,9,C17H8N2OF4:BBr3,-0.26706,1.06,32,8,0,0,4,0,62.63,4,1,0,0
80,10,C17H8N2OF4:C18BF15,-0.30742,1.06,32,8,0,0,4,0,15.06,34,1,0,0
80,11,C17H8N2OF4:BI3,-0.22102,1.06,32,8,0,0,4,0,97.88,4,1,0,0
80,12,C17H8N2OF4:O2S,-0.07436,1.06,32,8,0,0,4,0,21.36,3,0,0,0
81,1,C19H12N2OF4:AlCl3,-0.12404,1.05,38,12,0,0,4,0,33.33,4,0,1,0
81,2,C19H12N2OF4:AlH3,-0.10972,1.05,38,12,0,0,4,0,7.5,4,0,1,3
81,3,C19H12N2OF4:C18F15Al,-0.12324,1.05,38,12,0,0,4,0,15.53,34,0,1,0
81,4,C19H12N2OF4:C3H9Al,-0.09336,1.05,38,12,0,0,4,0,5.55,13,0,1,0
81,5,C19H12N2OF4:C2H5AlCl2,-0.11436,1.05,38,12,0,0,4,0,12.7,10,0,1,0
81,6,C19H12N2OF4:BH3,-0.28742,1.05,38,12,0,0,4,0,3.46,4,1,0,3
81,7,C19H12N2OF4:BF3,-0.2349,1.05,38,12,0,0,4,0,16.95,4,1,0,0
81,8,C19H12N2OF4:BCl3,-0.25978,1.05,38,12,0,0,4,0,29.29,4,1,0,0
81,9,C19H12N2OF4:BBr3,-0.24452,1.05,38,12,0,0,4,0,62.63,4,1,0,0
81,10,C19H12N2OF4:C18BF15,-0.2878,1.05,38,12,0,0,4,0,15.06,34,1,0,0
81,11,C19H12N2OF4:BI3,-0.19404,1.05,38,12,0,0,4,0,97.88,4,1,0,0
81,12,C19H12N2OF4:O2S,-0.09728,1.05,38,12,0,0,4,0,21.36,3,0,0,0
82,1,C12H7NF4:AlCl3,-0.15754,1.07,24,7,0,0,4,0,33.33,4,0,1,0
82,2,C12H7NF4:AlH3,-0.14968,1.07,24,7,0,0,4,0,7.5,4,0,1,3
82,3,C12H7NF4:C18F15Al,-0.1603,1.07,24,7,0,0,4,0,15.53,34,0,1,0
82,4,C12H7NF4:C3H9Al,-0.14152,1.07,24,7,0,0,4,0,5.55,13,0,1,0
82,5,C12H7NF4:C2H5AlCl2,-0.1498,1.07,24,7,0,0,4,0,12.7,10,0,1,0
82,6,C12H7NF4:BH3,-0.33692,1.07,24,7,0,0,4,0,3.46,4,1,0,3
82,7,C12H7NF4:BF3,-0.28722,1.07,24,7,0,0,4,0,16.95,4,1,0,0
82,8,C12H7NF4:BCl3,-0.30734,1.07,24,7,0,0,4,0,29.29,4,1,0,0
82,9,C12H7NF4:BBr3,-0.29174,1.07,24,7,0,0,4,0,62.63,4,1,0,0
82,10,C12H7NF4:C18BF15,-0.35648,1.07,24,7,0,0,4,0,15.06,34,1,0,0
82,11,C12H7NF4:BI3,-0.25632,1.07,24,7,0,0,4,0,97.88,4,1,0,0
82,12,C12H7NF4:O2S,-0.14664,1.07,24,7,0,0,4,0,21.36,3,0,0,0
83,1,C13H9NF4:AlCl3,-0.1448,1.05,27,9,0,0,4,0,33.33,4,0,1,0
83,2,C13H9NF4:AlH3,-0.13712,1.05,27,9,0,0,4,0,7.5,4,0,1,3
83,3,C13H9NF4:C18F15Al,-0.14464,1.05,27,9,0,0,4,0,15.53,34,0,1,0
83,4,C13H9NF4:C3H9Al,-0.12782,1.05,27,9,0,0,4,0,5.55,13,0,1,0
83,5,C13H9NF4:C2H5AlCl2,-0.1375,1.05,27,9,0,0,4,0,12.7,10,0,1,0
83,6,C13H9NF4:BH3,-0.31946,1.05,27,9,0,0,4,0,3.46,4,1,0,3
83,7,C13H9NF4:BF3,-0.26886,1.05,27,9,0,0,4,0,16.95,4,1,0,0
83,8,C13H9NF4:BCl3,-0.28244,1.05,27,9,0,0,4,0,29.29,4,1,0,0
83,9,C13H9NF4:BBr3,-0.26776,1.05,27,9,0,0,4,0,62.63,4,1,0,0
83,10,C13H9NF4:C18BF15,-0.31648,1.05,27,9,0,0,4,0,15.06,34,1,0,0
83,11,C13H9NF4:BI3,-0.23764,1.05,27,9,0,0,4,0,97.88,4,1,0,0
83,12,C13H9NF4:O2S,-0.14838,1.05,27,9,0,0,4,0,21.36,3,0,0,0
84,1,C12H5NO2F2:AlCl3,-0.12982,1.07,22,5,0,1,2,0,33.33,4,0,1,0
84,2,C12H5NO2F2:AlH3,-0.09886,1.07,22,5,0,1,2,0,7.5,4,0,1,3
84,3,C12H5NO2F2:C18F15Al,-0.11822,1.07,22,5,0,1,2,0,15.53,34,0,1,0
84,4,C12H5NO2F2:C3H9Al,-0.06396,1.07,22,5,0,1,2,0,5.55,13,0,1,0
84,5,C12H5NO2F2:C2H5AlCl2,-0.10576,1.07,22,5,0,1,2,0,12.7,10,0,1,0
84,6,C12H5NO2F2:BH3,-0.2518,1.07,22,5,0,1,2,0,3.46,4,1,0,3
84,7,C12H5NO2F2:BF3,-0.00282,1.07,22,5,0,1,2,0,16.95,4,1,0,0
84,10,C12H5NO2F2:C18BF15,-0.28724,1.07,22,5,0,1,2,0,15.06,34,1,0,0
85,1,C5H3NF2:AlCl3,-0.14946,1.08,11,3,0,0,2,1,33.33,4,0,1,0
85,2,C5H3NF2:AlH3,-0.13896,1.08,11,3,0,0,2,1,7.5,4,0,1,3
85,3,C5H3NF2:C18F15Al,-0.15798,1.08,11,3,0,0,2,1,15.53,34,0,1,0
85,4,C5H3NF2:C3H9Al,-0.129,1.08,11,3,0,0,2,1,5.55,13,0,1,0
85,5,C5H3NF2:C2H5AlCl2,-0.1347,1.08,11,3,0,0,2,1,12.7,10,0,1,0
85,6,C5H3NF2:BH3,-0.30388,1.08,11,3,0,0,2,1,3.46,4,1,0,3
85,7,C5H3NF2:BF3,-0.27766,1.08,11,3,0,0,2,1,16.95,4,1,0,0
85,8,C5H3NF2:BCl3,-0.2988,1.08,11,3,0,0,2,1,29.29,4,1,0,0
85,9,C5H3NF2:BBr3,-0.27884,1.08,11,3,0,0,2,1,62.63,4,1,0,0
85,10,C5H3NF2:C18BF15,-0.35428,1.08,11,3,0,0,2,1,15.06,34,1,0,0
85,11,C5H3NF2:BI3,-0.2263,1.08,11,3,0,0,2,1,97.88,4,1,0,0
85,12,C5H3NF2:O2S,-0.09426,1.08,11,3,0,0,2,1,21.36,3,0,0,0
86,1,CH2NF3:AlCl3,-0.1596,1.2,7,2,0,0,0,0,33.33,4,0,1,0
86,2,CH2NF3:AlH3,-0.14784,1.2,7,2,0,0,0,0,7.5,4,0,1,3
86,3,CH2NF3:C18F15Al,-0.16392,1.2,7,2,0,0,0,0,15.53,34,0,1,0
86,4,CH2NF3:C3H9Al,-0.1387,1.2,7,2,0,0,0,0,5.55,13,0,1,0
86,5,CH2NF3:C2H5AlCl2,-0.15138,1.2,7,2,0,0,0,0,12.7,10,0,1,0
86,6,CH2NF3:BH3,-0.32412,1.2,7,2,0,0,0,0,3.46,4,1,0,3
86,7,CH2NF3:BF3,-0.23146,1.2,7,2,0,0,0,0,16.95,4,1,0,0
86,8,CH2NF3:BCl3,-0.30846,1.2,7,2,0,0,0,0,29.29,4,1,0,0
86,9,CH2NF3:BBr3,-0.3067,1.2,7,2,0,0,0,0,62.63,4,1,0,0
86,10,CH2NF3:C18BF15,-0.36388,1.2,7,2,0,0,0,0,15.06,34,1,0,0
86,11,CH2NF3:BI3,-0.26136,1.2,7,2,0,0,0,0,97.88,4,1,0,0
86,12,CH2NF3:O2S,-0.03454,1.2,7,2,0,0,0,0,21.36,3,0,0,0
87,1,C2NF3:AlCl3,-0.13404,1.25,6,0,0,0,0,0,33.33,4,0,1,0
87,2,C2NF3:AlH3,-0.11686,1.25,6,0,0,0,0,0,7.5,4,0,1,3
87,3,C2NF3:C18F15Al,-0.15508,1.25,6,0,0,0,0,0,15.53,34,0,1,0
87,4,C2NF3:C3H9Al,-0.11362,1.25,6,0,0,0,0,0,5.55,13,0,1,0
87,5,C2NF3:C2H5AlCl2,-0.12732,1.25,6,0,0,0,0,0,12.7,10,0,1,0
87,6,C2NF3:BH3,-0.23648,1.25,6,0,0,0,0,0,3.46,4,1,0,3
87,7,C2NF3:BF3,-0.02616,1.25,6,0,0,0,0,0,16.95,4,1,0,0
87,8,C2NF3:BCl3,-0.26546,1.25,6,0,0,0,0,0,29.29,4,1,0,0
87,9,C2NF3:BBr3,-0.2427,1.25,6,0,0,0,0,0,62.63,4,1,0,0
87,10,C2NF3:C18BF15,-0.33296,1.25,6,0,0,0,0,0,15.06,34,1,0,0
87,11,C2NF3:BI3,-0.11438,1.25,6,0,0,0,0,0,97.88,4,1,0,0
88,1,C4H9N:AlCl3,-0.16024,0.97,14,9,0,0,0,0,33.33,4,0,1,0
88,2,C4H9N:AlH3,-0.15682,0.97,14,9,0,0,0,0,7.5,4,0,1,3
88,3,C4H9N:C18F15Al,-0.17068,0.97,14,9,0,0,0,0,15.53,34,0,1,0
88,4,C4H9N:C3H9Al,-0.14692,0.97,14,9,0,0,0,0,5.55,13,0,1,0
88,5,C4H9N:C2H5AlCl2,-0.15396,0.97,14,9,0,0,0,0,12.7,10,0,1,0
88,6,C4H9N:BH3,-0.35018,0.97,14,9,0,0,0,0,3.46,4,1,0,3
88,7,C4H9N:BF3,-0.30884,0.97,14,9,0,0,0,0,16.95,4,1,0,0
88,8,C4H9N:BCl3,-0.3227,0.97,14,9,0,0,0,0,29.29,4,1,0,0
88,9,C4H9N:BBr3,-0.30714,0.97,14,9,0,0,0,0,62.63,4,1,0,0
88,10,C4H9N:C18BF15,-0.3732,0.97,14,9,0,0,0,0,15.06,34,1,0,0
88,11,C4H9N:BI3,-0.28062,0.97,14,9,0,0,0,0,97.88,4,1,0,0
88,12,C4H9N:O2S,-0.19204,0.97,14,9,0,0,0,0,21.36,3,0,0,0
89,1,C4H7NF2:AlCl3,-0.15058,1.05,14,7,0,0,0,0,33.33,4,0,1,0
89,2,C4H7NF2:AlH3,-0.14762,1.05,14,7,0,0,0,0,7.5,4,0,1,3
89,3,C4H7NF2:C18F15Al,-0.15896,1.05,14,7,0,0,0,0,15.53,34,0,1,0
89,4,C4H7NF2:C3H9Al,-0.13708,1.05,14,7,0,0,0,0,5.55,13,0,1,0
89,5,C4H7NF2:C2H5AlCl2,-0.1571,1.05,14,7,0,0,0,0,12.7,10,0,1,0
89,6,C4H7NF2:BH3,-0.34024,1.05,14,7,0,0,0,0,3.46,4,1,0,3
89,7,C4H7NF2:BF3,-0.29444,1.05,14,7,0,0,0,0,16.95,4,1,0,0
89,8,C4H7NF2:BCl3,-0.30642,1.05,14,7,0,0,0,0,29.29,4,1,0,0
89,9,C4H7NF2:BBr3,-0.2902,1.05,14,7,0,0,0,0,62.63,4,1,0,0
89,10,C4H7NF2:C18BF15,-0.3688,1.05,14,7,0,0,0,0,15.06,34,1,0,0
89,11,C4H7NF2:BI3,-0.2599,1.05,14,7,0,0,0,0,97.88,4,1,0,0
89,12,C4H7NF2:O2S,-0.17673,1.05,14,7,0,0,0,0,21.36,3,0,0,0
90,1,C16H8N2F2S2:AlCl3,-0.16338,1.03,30,8,0,0,2,2,33.33,4,0,1,0
90,2,C16H8N2F2S2:AlH3,-0.14796,1.03,30,8,0,0,2,2,7.5,4,0,1,3
90,3,C16H8N2F2S2:C18F15Al,-0.19306,1.03,30,8,0,0,2,2,15.53,34,0,1,0
90,4,C16H8N2F2S2:C3H9Al,-0.14048,1.03,30,8,0,0,2,2,5.55,13,0,1,0
90,5,C16H8N2F2S2:C2H5AlCl2,-0.15132,1.03,30,8,0,0,2,2,12.7,10,0,1,0
90,6,C16H8N2F2S2:BH3,-0.30184,1.03,30,8,0,0,2,2,3.46,4,1,0,3
90,7,C16H8N2F2S2:BF3,-0.26188,1.03,30,8,0,0,2,2,16.95,4,1,0,0
90,8,C16H8N2F2S2:BCl3,-0.28866,1.03,30,8,0,0,2,2,29.29,4,1,0,0
90,9,C16H8N2F2S2:BBr3,-0.26624,1.03,30,8,0,0,2,2,62.63,4,1,0,0
90,10,C16H8N2F2S2:C18BF15,-0.3486,1.03,30,8,0,0,2,2,15.06,34,1,0,0
90,11,C16H8N2F2S2:BI3,-0.19686,1.03,30,8,0,0,2,2,97.88,4,1,0,0
90,12,C16H8N2F2S2:O2S,-0.0446,1.03,30,8,0,0,2,2,21.36,3,0,0,0
