#LB_label,#LA_label,#ID,ChargeTransfer,la_nB,nO,AMW,nROCON,la_nHM,nPyrroles,la_Mp,la_nH,nR08,H-047,Total_MW,nH,la_Hy,la_Me,nRNH2,C-024,nCconjX
1,1,C6H8N2O:AlCl3,-0.14156,0,1,7.3,0,1,0,1.89,0,0,4,257.49,8,0.0,1.1,0,0,0
1,2,C6H8N2O:AlH3,-0.12866,0,1,7.3,0,1,0,1.25,3,0,4,154.17,8,0.0,0.86,0,0,0
1,3,C6H8N2O:C18F15Al,-0.11996,0,1,7.3,0,1,0,0.78,0,0,4,652.32,8,-0.525,1.19,0,0,0
1,4,C6H8N2O:C3H9Al,-0.1018,0,1,7.3,0,1,0,0.79,9,0,4,196.26,8,-0.646,0.93,0,0,0
1,5,C6H8N2O:C2H5AlCl2,-0.12956,0,1,7.3,0,1,0,1.02,5,0,4,251.11,8,-0.359,0.99,0,0,0
1,6,C6H8N2O:BH3,-0.3048,1,1,7.3,0,0,0,0.72,3,0,4,138.0,8,0.0,0.91,0,0,0
1,7,C6H8N2O:BF3,-0.23782,1,1,7.3,0,0,0,0.67,0,0,4,191.97,8,0.0,1.3,0,0,0
1,8,C6H8N2O:BCl3,-0.28648,1,1,7.3,0,0,0,1.36,0,0,4,241.32,8,0.0,1.16,0,0,0
1,9,C6H8N2O:BBr3,-0.26954,1,1,7.3,0,0,0,1.73,0,0,4,374.67,8,0.0,1.09,0,0,0
1,10,C6H8N2O:C18BF15,-0.29654,1,1,7.3,0,0,0,0.72,0,0,4,636.15,8,-0.525,1.2,0,0,0
1,11,C6H8N2O:BI3,-0.23184,1,1,7.3,0,0,0,2.71,0,0,4,515.67,8,0.0,0.97,0,0,0
2,1,C8H7NO2S:AlCl3,-0.12384,0,2,9.54,0,1,0,1.89,0,1,3,314.56,7,0.0,1.1,0,0,0
2,2,C8H7NO2S:AlH3,-0.07844,0,2,9.54,0,1,0,1.25,3,1,3,211.24,7,0.0,0.86,0,0,0
2,3,C8H7NO2S:C18F15Al,-0.12638,0,2,9.54,0,1,0,0.78,0,1,3,709.39,7,-0.525,1.19,0,0,0
2,4,C8H7NO2S:C3H9Al,-0.07512,0,2,9.54,0,1,0,0.79,9,1,3,253.33,7,-0.646,0.93,0,0,0
2,5,C8H7NO2S:C2H5AlCl2,-0.11008,0,2,9.54,0,1,0,1.02,5,1,3,308.18,7,-0.359,0.99,0,0,0
2,6,C8H7NO2S:BH3,-0.26422,1,2,9.54,0,0,0,0.72,3,1,3,195.07,7,0.0,0.91,0,0,0
2,7,C8H7NO2S:BF3,-0.14992,1,2,9.54,0,0,0,0.67,0,1,3,249.04,7,0.0,1.3,0,0,0
2,8,C8H7NO2S:BCl3,-0.25678,1,2,9.54,0,0,0,1.36,0,1,3,298.39,7,0.0,1.16,0,0,0
2,9,C8H7NO2S:BBr3,-0.25028,1,2,9.54,0,0,0,1.73,0,1,3,431.74,7,0.0,1.09,0,0,0
2,11,C8H7NO2S:BI3,-0.19442,1,2,9.54,0,0,0,2.71,0,1,3,572.74,7,0.0,0.97,0,0,0
2,12,C8H7NO2S:O2S,-0.0223,0,2,9.54,0,0,0,0.85,0,1,3,245.3,7,0.0,1.24,0,0,0
3,1,C7H8N2O2S:AlCl3,-0.10326,0,2,9.21,0,1,0,1.89,0,0,8,317.57,8,0.0,1.1,0,0,0
3,2,C7H8N2O2S:AlH3,-0.0681,0,2,9.21,0,1,0,1.25,3,0,8,214.25,8,0.0,0.86,0,0,0
3,3,C7H8N2O2S:C18F15Al,-0.201,0,2,9.21,0,1,0,0.78,0,0,8,712.4,8,-0.525,1.19,0,0,0
3,5,C7H8N2O2S:C2H5AlCl2,-0.08494,0,2,9.21,0,1,0,1.02,5,0,8,311.19,8,-0.359,0.99,0,0,0
3,6,C7H8N2O2S:BH3,-0.22192,1,2,9.21,0,0,0,0.72,3,0,8,198.08,8,0.0,0.91,0,0,0
3,7,C7H8N2O2S:BF3,0.00218,1,2,9.21,0,0,0,0.67,0,0,8,252.05,8,0.0,1.3,0,0,0
3,8,C7H8N2O2S:BCl3,-0.0014,1,2,9.21,0,0,0,1.36,0,0,8,301.4,8,0.0,1.16,0,0,0
3,11,C7H8N2O2S:BI3,0.01072,1,2,9.21,0,0,0,2.71,0,0,8,575.75,8,0.0,0.97,0,0,0
4,1,C10H16N2O2:AlCl3,-0.13576,0,2,6.54,0,1,0,1.89,0,1,8,329.61,16,0.0,1.1,0,0,0
4,2,C10H16N2O2:AlH3,-0.10774,0,2,6.54,0,1,0,1.25,3,1,8,226.29,16,0.0,0.86,0,0,0
4,3,C10H16N2O2:C18F15Al,-0.13932,0,2,6.54,0,1,0,0.78,0,1,8,724.44,16,-0.525,1.19,0,0,0
4,4,C10H16N2O2:C3H9Al,-0.08454,0,2,6.54,0,1,0,0.79,9,1,8,268.38,16,-0.646,0.93,0,0,0
4,5,C10H16N2O2:C2H5AlCl2,-0.12194,0,2,6.54,0,1,0,1.02,5,1,8,323.23,16,-0.359,0.99,0,0,0
4,6,C10H16N2O2:BH3,-0.28116,1,2,6.54,0,0,0,0.72,3,1,8,210.12,16,0.0,0.91,0,0,0
4,7,C10H16N2O2:BF3,-0.21876,1,2,6.54,0,0,0,0.67,0,1,8,264.09,16,0.0,1.3,0,0,0
4,8,C10H16N2O2:BCl3,-0.28102,1,2,6.54,0,0,0,1.36,0,1,8,313.44,16,0.0,1.16,0,0,0
4,9,C10H16N2O2:BBr3,-0.27182,1,2,6.54,0,0,0,1.73,0,1,8,446.79,16,0.0,1.09,0,0,0
4,10,C10H16N2O2:C18BF15,-0.30786,1,2,6.54,0,0,0,0.72,0,1,8,708.27,16,-0.525,1.2,0,0,0
4,11,C10H16N2O2:BI3,-0.23758,1,2,6.54,0,0,0,2.71,0,1,8,587.79,16,0.0,0.97,0,0,0
4,12,C10H16N2O2:O2S,-0.07768,0,2,6.54,0,0,0,0.85,0,1,8,260.35,16,0.0,1.24,0,0,0
5,1,C9H9N3OS:AlCl3,-0.11056,0,1,9.01,0,1,0,1.89,0,0,7,340.61,9,0.0,1.1,0,0,0
5,2,C9H9N3OS:AlH3,-0.1036,0,1,9.01,0,1,0,1.25,3,0,7,237.29,9,0.0,0.86,0,0,0
5,3,C9H9N3OS:C18F15Al,-0.11854,0,1,9.01,0,1,0,0.78,0,0,7,735.44,9,-0.525,1.19,0,0,0
5,4,C9H9N3OS:C3H9Al,-0.09272,0,1,9.01,0,1,0,0.79,9,0,7,279.38,9,-0.646,0.93,0,0,0
5,5,C9H9N3OS:C2H5AlCl2,-0.1039,0,1,9.01,0,1,0,1.02,5,0,7,334.23,9,-0.359,0.99,0,0,0
5,6,C9H9N3OS:BH3,-0.28864,1,1,9.01,0,0,0,0.72,3,0,7,221.12,9,0.0,0.91,0,0,0
5,7,C9H9N3OS:BF3,-0.23164,1,1,9.01,0,0,0,0.67,0,0,7,275.09,9,0.0,1.3,0,0,0
5,8,C9H9N3OS:BCl3,-0.23578,1,1,9.01,0,0,0,1.36,0,0,7,324.44,9,0.0,1.16,0,0,0
5,9,C9H9N3OS:BBr3,-0.20826,1,1,9.01,0,0,0,1.73,0,0,7,457.79,9,0.0,1.09,0,0,0
5,11,C9H9N3OS:BI3,-0.15244,1,1,9.01,0,0,0,2.71,0,0,7,598.79,9,0.0,0.97,0,0,0
6,1,C5H5NO2S:AlCl3,-0.10348,0,2,10.23,1,1,0,1.89,0,0,5,276.51,5,0.0,1.1,0,0,0
6,2,C5H5NO2S:AlH3,-0.0668,0,2,10.23,1,1,0,1.25,3,0,5,173.19,5,0.0,0.86,0,0,0
6,3,C5H5NO2S:C18F15Al,-0.09806,0,2,10.23,1,1,0,0.78,0,0,5,671.34,5,-0.525,1.19,0,0,0
6,4,C5H5NO2S:C3H9Al,-0.01694,0,2,10.23,1,1,0,0.79,9,0,5,215.28,5,-0.646,0.93,0,0,0
6,5,C5H5NO2S:C2H5AlCl2,-0.0772,0,2,10.23,1,1,0,1.02,5,0,5,270.13,5,-0.359,0.99,0,0,0
6,6,C5H5NO2S:BH3,-0.21602,1,2,10.23,1,0,0,0.72,3,0,5,157.02,5,0.0,0.91,0,0,0
6,7,C5H5NO2S:BF3,0.001,1,2,10.23,1,0,0,0.67,0,0,5,210.99,5,0.0,1.3,0,0,0
6,8,C5H5NO2S:BCl3,-0.00338,1,2,10.23,1,0,0,1.36,0,0,5,260.34,5,0.0,1.16,0,0,0
6,9,C5H5NO2S:BBr3,-0.00204,1,2,10.23,1,0,0,1.73,0,0,5,393.69,5,0.0,1.09,0,0,0
7,1,C5H5NOS2:AlCl3,-0.10176,0,1,11.38,1,1,0,1.89,0,0,5,292.58,5,0.0,1.1,0,0,0
7,2,C5H5NOS2:AlH3,-0.05672,0,1,11.38,1,1,0,1.25,3,0,5,189.26,5,0.0,0.86,0,0,0
7,3,C5H5NOS2:C18F15Al,-0.09608,0,1,11.38,1,1,0,0.78,0,0,5,687.41,5,-0.525,1.19,0,0,0
7,4,C5H5NOS2:C3H9Al,-0.00936,0,1,11.38,1,1,0,0.79,9,0,5,231.35,5,-0.646,0.93,0,0,0
7,5,C5H5NOS2:C2H5AlCl2,-0.07284,0,1,11.38,1,1,0,1.02,5,0,5,286.2,5,-0.359,0.99,0,0,0
7,6,C5H5NOS2:BH3,-0.1985,1,1,11.38,1,0,0,0.72,3,0,5,173.09,5,0.0,0.91,0,0,0
7,7,C5H5NOS2:BF3,0.00168,1,1,11.38,1,0,0,0.67,0,0,5,227.06,5,0.0,1.3,0,0,0
7,8,C5H5NOS2:BCl3,-0.00552,1,1,11.38,1,0,0,1.36,0,0,5,276.41,5,0.0,1.16,0,0,0
7,9,C5H5NOS2:BBr3,-0.00546,1,1,11.38,1,0,0,1.73,0,0,5,409.76,5,0.0,1.09,0,0,0
8,1,C5H3N3S:AlCl3,-0.1511,0,0,11.43,0,1,0,1.89,0,0,1,270.51,3,0.0,1.1,0,1,0
8,2,C5H3N3S:AlH3,-0.13718,0,0,11.43,0,1,0,1.25,3,0,1,167.19,3,0.0,0.86,0,1,0
8,3,C5H3N3S:C18F15Al,-0.16052,0,0,11.43,0,1,0,0.78,0,0,1,665.34,3,-0.525,1.19,0,1,0
8,4,C5H3N3S:C3H9Al,-0.12624,0,0,11.43,0,1,0,0.79,9,0,1,209.28,3,-0.646,0.93,0,1,0
8,5,C5H3N3S:C2H5AlCl2,-0.14268,0,0,11.43,0,1,0,1.02,5,0,1,264.13,3,-0.359,0.99,0,1,0
8,6,C5H3N3S:BH3,-0.2971,1,0,11.43,0,0,0,0.72,3,0,1,151.02,3,0.0,0.91,0,1,0
8,7,C5H3N3S:BF3,-0.2868,1,0,11.43,0,0,0,0.67,0,0,1,204.99,3,0.0,1.3,0,1,0
8,8,C5H3N3S:BCl3,-0.2963,1,0,11.43,0,0,0,1.36,0,0,1,254.34,3,0.0,1.16,0,1,0
8,9,C5H3N3S:BBr3,-0.269,1,0,11.43,0,0,0,1.73,0,0,1,387.69,3,0.0,1.09,0,1,0
8,10,C5H3N3S:C18BF15,-0.3492,1,0,11.43,0,0,0,0.72,0,0,1,649.17,3,-0.525,1.2,0,1,0
8,11,C5H3N3S:BI3,-0.19578,1,0,11.43,0,0,0,2.71,0,0,1,528.69,3,0.0,0.97,0,1,0
8,12,C5H3N3S:O2S,-0.10498,0,0,11.43,0,0,0,0.85,0,0,1,201.25,3,0.0,1.24,0,1,0
9,1,C16H10N2S2:AlCl3,-0.17646,0,0,9.81,0,1,0,1.89,0,0,8,427.75,10,0.0,1.1,0,8,0
9,2,C16H10N2S2:AlH3,-0.16576,0,0,9.81,0,1,0,1.25,3,0,8,324.43,10,0.0,0.86,0,8,0
9,3,C16H10N2S2:C18F15Al,-0.19932,0,0,9.81,0,1,0,0.78,0,0,8,822.58,10,-0.525,1.19,0,8,0
9,4,C16H10N2S2:C3H9Al,-0.14592,0,0,9.81,0,1,0,0.79,9,0,8,366.52,10,-0.646,0.93,0,8,0
9,5,C16H10N2S2:C2H5AlCl2,-0.16122,0,0,9.81,0,1,0,1.02,5,0,8,421.37,10,-0.359,0.99,0,8,0
9,6,C16H10N2S2:BH3,-0.30552,1,0,9.81,0,0,0,0.72,3,0,8,308.26,10,0.0,0.91,0,8,0
9,7,C16H10N2S2:BF3,-0.26482,1,0,9.81,0,0,0,0.67,0,0,8,362.23,10,0.0,1.3,0,8,0
9,8,C16H10N2S2:BCl3,-0.29402,1,0,9.81,0,0,0,1.36,0,0,8,411.58,10,0.0,1.16,0,8,0
9,9,C16H10N2S2:BBr3,-0.27312,1,0,9.81,0,0,0,1.73,0,0,8,544.93,10,0.0,1.09,0,8,0
9,10,C16H10N2S2:C18BF15,-0.34212,1,0,9.81,0,0,0,0.72,0,0,8,806.41,10,-0.525,1.2,0,8,0
9,11,C16H10N2S2:BI3,-0.21718,1,0,9.81,0,0,0,2.71,0,0,8,685.93,10,0.0,0.97,0,8,0
9,12,C16H10N2S2:O2S,-0.05022,0,0,9.81,0,0,0,0.85,0,0,8,358.49,10,0.0,1.24,0,8,0
10,1,C6H4N2S:AlCl3,-0.15454,0,0,10.48,0,1,0,1.89,0,0,4,269.52,4,0.0,1.1,0,4,0
10,2,C6H4N2S:AlH3,-0.14188,0,0,10.48,0,1,0,1.25,3,0,4,166.2,4,0.0,0.86,0,4,0
10,3,C6H4N2S:C18F15Al,-0.17022,0,0,10.48,0,1,0,0.78,0,0,4,664.35,4,-0.525,1.19,0,4,0
10,4,C6H4N2S:C3H9Al,-0.13012,0,0,10.48,0,1,0,0.79,9,0,4,208.29,4,-0.646,0.93,0,4,0
10,5,C6H4N2S:C2H5AlCl2,-0.1343,0,0,10.48,0,1,0,1.02,5,0,4,263.14,4,-0.359,0.99,0,4,0
10,6,C6H4N2S:BH3,-0.30032,1,0,10.48,0,0,0,0.72,3,0,4,150.03,4,0.0,0.91,0,4,0
10,7,C6H4N2S:BF3,-0.26152,1,0,10.48,0,0,0,0.67,0,0,4,204.0,4,0.0,1.3,0,4,0
10,8,C6H4N2S:BCl3,-0.29988,1,0,10.48,0,0,0,1.36,0,0,4,253.35,4,0.0,1.16,0,4,0
10,9,C6H4N2S:BBr3,-0.2709,1,0,10.48,0,0,0,1.73,0,0,4,386.7,4,0.0,1.09,0,4,0
10,10,C6H4N2S:C18BF15,-0.3734,1,0,10.48,0,0,0,0.72,0,0,4,648.18,4,-0.525,1.2,0,4,0
10,11,C6H4N2S:BI3,-0.17652,1,0,10.48,0,0,0,2.71,0,0,4,527.7,4,0.0,0.97,0,4,0
10,12,C6H4N2S:O2S,-0.03074,0,0,10.48,0,0,0,0.85,0,0,4,200.26,4,0.0,1.24,0,4,0
11,1,C6H3N2FS:AlCl3,-0.152,0,0,11.86,0,1,0,1.89,0,0,3,287.51,3,0.0,1.1,0,3,0
11,2,C6H3N2FS:AlH3,-0.13864,0,0,11.86,0,1,0,1.25,3,0,3,184.19,3,0.0,0.86,0,3,0
11,3,C6H3N2FS:C18F15Al,-0.16582,0,0,11.86,0,1,0,0.78,0,0,3,682.34,3,-0.525,1.19,0,3,0
11,4,C6H3N2FS:C3H9Al,-0.12724,0,0,11.86,0,1,0,0.79,9,0,3,226.28,3,-0.646,0.93,0,3,0
11,5,C6H3N2FS:C2H5AlCl2,-0.13144,0,0,11.86,0,1,0,1.02,5,0,3,281.13,3,-0.359,0.99,0,3,0
11,6,C6H3N2FS:BH3,-0.2967,1,0,11.86,0,0,0,0.72,3,0,3,168.02,3,0.0,0.91,0,3,0
11,7,C6H3N2FS:BF3,-0.2646,1,0,11.86,0,0,0,0.67,0,0,3,221.99,3,0.0,1.3,0,3,0
11,8,C6H3N2FS:BCl3,-0.29622,1,0,11.86,0,0,0,1.36,0,0,3,271.34,3,0.0,1.16,0,3,0
11,9,C6H3N2FS:BBr3,-0.2666,1,0,11.86,0,0,0,1.73,0,0,3,404.69,3,0.0,1.09,0,3,0
11,10,C6H3N2FS:C18BF15,-0.36924,1,0,11.86,0,0,0,0.72,0,0,3,666.17,3,-0.525,1.2,0,3,0
11,11,C6H3N2FS:BI3,-0.16242,1,0,11.86,0,0,0,2.71,0,0,3,545.69,3,0.0,0.97,0,3,0
11,12,C6H3N2FS:O2S,-0.02704,0,0,11.86,0,0,0,0.85,0,0,3,218.25,3,0.0,1.24,0,3,0
12,1,C6H2N2F2S:AlCl3,-0.14932,0,0,13.24,0,1,0,1.89,0,0,2,305.5,2,0.0,1.1,0,2,0
12,2,C6H2N2F2S:AlH3,-0.13678,0,0,13.24,0,1,0,1.25,3,0,2,202.18,2,0.0,0.86,0,2,0
12,3,C6H2N2F2S:C18F15Al,-0.1625,0,0,13.24,0,1,0,0.78,0,0,2,700.33,2,-0.525,1.19,0,2,0
12,4,C6H2N2F2S:C3H9Al,-0.12726,0,0,13.24,0,1,0,0.79,9,0,2,244.27,2,-0.646,0.93,0,2,0
12,5,C6H2N2F2S:C2H5AlCl2,-0.12934,0,0,13.24,0,1,0,1.02,5,0,2,299.12,2,-0.359,0.99,0,2,0
12,6,C6H2N2F2S:BH3,-0.29572,1,0,13.24,0,0,0,0.72,3,0,2,186.01,2,0.0,0.91,0,2,0
12,7,C6H2N2F2S:BF3,-0.26272,1,0,13.24,0,0,0,0.67,0,0,2,239.98,2,0.0,1.3,0,2,0
12,8,C6H2N2F2S:BCl3,-0.2944,1,0,13.24,0,0,0,1.36,0,0,2,289.33,2,0.0,1.16,0,2,0
12,9,C6H2N2F2S:BBr3,-0.26428,1,0,13.24,0,0,0,1.73,0,0,2,422.68,2,0.0,1.09,0,2,0
12,10,C6H2N2F2S:C18BF15,-0.37078,1,0,13.24,0,0,0,0.72,0,0,2,684.16,2,-0.525,1.2,0,2,0
12,11,C6H2N2F2S:BI3,-0.15226,1,0,13.24,0,0,0,2.71,0,0,2,563.68,2,0.0,0.97,0,2,0
12,12,C6H2N2F2S:O2S,-0.0247,0,0,13.24,0,0,0,0.85,0,0,2,236.24,2,0.0,1.24,0,2,0
13,1,C6H2N4S2:AlCl3,-0.1524,0,0,13.88,0,1,0,1.89,0,0,2,327.59,2,0.0,1.1,0,2,0
13,2,C6H2N4S2:AlH3,-0.13842,0,0,13.88,0,1,0,1.25,3,0,2,224.27,2,0.0,0.86,0,2,0
13,3,C6H2N4S2:C18F15Al,-0.16316,0,0,13.88,0,1,0,0.78,0,0,2,722.42,2,-0.525,1.19,0,2,0
13,4,C6H2N4S2:C3H9Al,-0.12208,0,0,13.88,0,1,0,0.79,9,0,2,266.36,2,-0.646,0.93,0,2,0
13,5,C6H2N4S2:C2H5AlCl2,-0.12776,0,0,13.88,0,1,0,1.02,5,0,2,321.21,2,-0.359,0.99,0,2,0
13,6,C6H2N4S2:BH3,-0.29008,1,0,13.88,0,0,0,0.72,3,0,2,208.1,2,0.0,0.91,0,2,0
13,7,C6H2N4S2:BF3,-0.26378,1,0,13.88,0,0,0,0.67,0,0,2,262.07,2,0.0,1.3,0,2,0
13,8,C6H2N4S2:BCl3,-0.29376,1,0,13.88,0,0,0,1.36,0,0,2,311.42,2,0.0,1.16,0,2,0
13,9,C6H2N4S2:BBr3,-0.26078,1,0,13.88,0,0,0,1.73,0,0,2,444.77,2,0.0,1.09,0,2,0
13,10,C6H2N4S2:C18BF15,-0.3635,1,0,13.88,0,0,0,0.72,0,0,2,706.25,2,-0.525,1.2,0,2,0
13,11,C6H2N4S2:BI3,-0.11668,1,0,13.88,0,0,0,2.71,0,0,2,585.77,2,0.0,0.97,0,2,0
13,12,C6H2N4S2:O2S,-0.02492,0,0,13.88,0,0,0,0.85,0,0,2,258.33,2,0.0,1.24,0,2,0
14,1,C10H4N4S2:AlCl3,-0.14464,0,0,12.22,0,1,0,1.89,0,0,4,377.65,4,0.0,1.1,0,4,0
14,2,C10H4N4S2:AlH3,-0.13482,0,0,12.22,0,1,0,1.25,3,0,4,274.33,4,0.0,0.86,0,4,0
14,3,C10H4N4S2:C18F15Al,-0.16798,0,0,12.22,0,1,0,0.78,0,0,4,772.48,4,-0.525,1.19,0,4,0
14,4,C10H4N4S2:C3H9Al,-0.12974,0,0,12.22,0,1,0,0.79,9,0,4,316.42,4,-0.646,0.93,0,4,0
14,5,C10H4N4S2:C2H5AlCl2,-0.14296,0,0,12.22,0,1,0,1.02,5,0,4,371.27,4,-0.359,0.99,0,4,0
14,6,C10H4N4S2:BH3,-0.3004,1,0,12.22,0,0,0,0.72,3,0,4,258.16,4,0.0,0.91,0,4,0
14,7,C10H4N4S2:BF3,-0.26332,1,0,12.22,0,0,0,0.67,0,0,4,312.13,4,0.0,1.3,0,4,0
14,8,C10H4N4S2:BCl3,-0.27858,1,0,12.22,0,0,0,1.36,0,0,4,361.48,4,0.0,1.16,0,4,0
14,9,C10H4N4S2:BBr3,-0.2471,1,0,12.22,0,0,0,1.73,0,0,4,494.83,4,0.0,1.09,0,4,0
14,10,C10H4N4S2:C18BF15,-0.3611,1,0,12.22,0,0,0,0.72,0,0,4,756.31,4,-0.525,1.2,0,4,0
14,11,C10H4N4S2:BI3,-0.14706,1,0,12.22,0,0,0,2.71,0,0,4,635.83,4,0.0,0.97,0,4,0
14,12,C10H4N4S2:O2S,-0.02186,0,0,12.22,0,0,0,0.85,0,0,4,308.39,4,0.0,1.24,0,4,0
15,1,C5H5N:AlCl3,-0.16168,0,0,7.19,0,1,0,1.89,0,0,3,212.44,5,0.0,1.1,0,3,0
15,2,C5H5N:AlH3,-0.15164,0,0,7.19,0,1,0,1.25,3,0,3,109.12,5,0.0,0.86,0,3,0
15,3,C5H5N:C18F15Al,-0.17006,0,0,7.19,0,1,0,0.78,0,0,3,607.27,5,-0.525,1.19,0,3,0
15,4,C5H5N:C3H9Al,-0.1417,0,0,7.19,0,1,0,0.79,9,0,3,151.21,5,-0.646,0.93,0,3,0
15,5,C5H5N:C2H5AlCl2,-0.14758,0,0,7.19,0,1,0,1.02,5,0,3,206.06,5,-0.359,0.99,0,3,0
15,6,C5H5N:BH3,-0.32264,1,0,7.19,0,0,0,0.72,3,0,3,92.95,5,0.0,0.91,0,3,0
15,7,C5H5N:BF3,-0.2986,1,0,7.19,0,0,0,0.67,0,0,3,146.92,5,0.0,1.3,0,3,0
15,8,C5H5N:BCl3,-0.31622,1,0,7.19,0,0,0,1.36,0,0,3,196.27,5,0.0,1.16,0,3,0
15,9,C5H5N:BBr3,-0.29592,1,0,7.19,0,0,0,1.73,0,0,3,329.62,5,0.0,1.09,0,3,0
15,10,C5H5N:C18BF15,-0.37174,1,0,7.19,0,0,0,0.72,0,0,3,591.1,5,-0.525,1.2,0,3,0
15,11,C5H5N:BI3,-0.25648,1,0,7.19,0,0,0,2.71,0,0,3,470.62,5,0.0,0.97,0,3,0
15,12,C5H5N:O2S,-0.12582,0,0,7.19,0,0,0,0.85,0,0,3,143.18,5,0.0,1.24,0,3,0
16,1,C5H4NF:AlCl3,-0.16624,0,0,8.83,0,1,0,1.89,0,0,3,230.43,4,0.0,1.1,0,3,0
16,2,C5H4NF:AlH3,-0.15344,0,0,8.83,0,1,0,1.25,3,0,3,127.11,4,0.0,0.86,0,3,0
16,3,C5H4NF:C18F15Al,-0.18388,0,0,8.83,0,1,0,0.78,0,0,3,625.26,4,-0.525,1.19,0,3,0
16,4,C5H4NF:C3H9Al,-0.14566,0,0,8.83,0,1,0,0.79,9,0,3,169.2,4,-0.646,0.93,0,3,0
16,5,C5H4NF:C2H5AlCl2,-0.15746,0,0,8.83,0,1,0,1.02,5,0,3,224.05,4,-0.359,0.99,0,3,0
16,6,C5H4NF:BH3,-0.31376,1,0,8.83,0,0,0,0.72,3,0,3,110.94,4,0.0,0.91,0,3,0
16,7,C5H4NF:BF3,-0.27132,1,0,8.83,0,0,0,0.67,0,0,3,164.91,4,0.0,1.3,0,3,0
16,8,C5H4NF:BCl3,-0.31048,1,0,8.83,0,0,0,1.36,0,0,3,214.26,4,0.0,1.16,0,3,0
16,9,C5H4NF:BBr3,-0.2953,1,0,8.83,0,0,0,1.73,0,0,3,347.61,4,0.0,1.09,0,3,0
16,10,C5H4NF:C18BF15,-0.36854,1,0,8.83,0,0,0,0.72,0,0,3,609.09,4,-0.525,1.2,0,3,0
16,11,C5H4NF:BI3,-0.24738,1,0,8.83,0,0,0,2.71,0,0,3,488.61,4,0.0,0.97,0,3,0
16,12,C5H4NF:O2S,-0.07472,0,0,8.83,0,0,0,0.85,0,0,3,161.17,4,0.0,1.24,0,3,0
17,1,C6H7N:AlCl3,-0.1676,0,0,6.65,0,1,0,1.89,0,0,3,226.47,7,0.0,1.1,0,3,0
17,2,C6H7N:AlH3,-0.15838,0,0,6.65,0,1,0,1.25,3,0,3,123.15,7,0.0,0.86,0,3,0
17,3,C6H7N:C18F15Al,-0.18362,0,0,6.65,0,1,0,0.78,0,0,3,621.3,7,-0.525,1.19,0,3,0
17,4,C6H7N:C3H9Al,-0.15246,0,0,6.65,0,1,0,0.79,9,0,3,165.24,7,-0.646,0.93,0,3,0
17,5,C6H7N:C2H5AlCl2,-0.1576,0,0,6.65,0,1,0,1.02,5,0,3,220.09,7,-0.359,0.99,0,3,0
17,6,C6H7N:BH3,-0.32724,1,0,6.65,0,0,0,0.72,3,0,3,106.98,7,0.0,0.91,0,3,0
17,7,C6H7N:BF3,-0.30354,1,0,6.65,0,0,0,0.67,0,0,3,160.95,7,0.0,1.3,0,3,0
17,8,C6H7N:BCl3,-0.31426,1,0,6.65,0,0,0,1.36,0,0,3,210.3,7,0.0,1.16,0,3,0
17,9,C6H7N:BBr3,-0.29314,1,0,6.65,0,0,0,1.73,0,0,3,343.65,7,0.0,1.09,0,3,0
17,10,C6H7N:C18BF15,-0.3769,1,0,6.65,0,0,0,0.72,0,0,3,605.13,7,-0.525,1.2,0,3,0
17,11,C6H7N:BI3,-0.25672,1,0,6.65,0,0,0,2.71,0,0,3,484.65,7,0.0,0.97,0,3,0
17,12,C6H7N:O2S,-0.13514,0,0,6.65,0,0,0,0.85,0,0,3,157.21,7,0.0,1.24,0,3,0
18,1,NH3:AlCl3,-0.18562,0,0,4.26,0,1,0,1.89,0,0,0,150.37,3,0.0,1.1,0,0,0
18,2,NH3:AlH3,-0.17416,0,0,4.26,0,1,0,1.25,3,0,0,47.05,3,0.0,0.86,0,0,0
18,3,NH3:C18F15Al,-0.19356,0,0,4.26,0,1,0,0.78,0,0,0,545.2,3,-0.525,1.19,0,0,0
18,4,NH3:C3H9Al,-0.1695,0,0,4.26,0,1,0,0.79,9,0,0,89.14,3,-0.646,0.93,0,0,0
18,5,NH3:C2H5AlCl2,-0.17902,0,0,4.26,0,1,0,1.02,5,0,0,143.99,3,-0.359,0.99,0,0,0
18,6,NH3:BH3,-0.35796,1,0,4.26,0,0,0,0.72,3,0,0,30.88,3,0.0,0.91,0,0,0
18,7,NH3:BF3,-0.30406,1,0,4.26,0,0,0,0.67,0,0,0,84.85,3,0.0,1.3,0,0,0
18,8,NH3:BCl3,-0.35168,1,0,4.26,0,0,0,1.36,0,0,0,134.2,3,0.0,1.16,0,0,0
18,9,NH3:BBr3,-0.34132,1,0,4.26,0,0,0,1.73,0,0,0,267.55,3,0.0,1.09,0,0,0
18,10,NH3:C18BF15,-0.39134,1,0,4.26,0,0,0,0.72,0,0,0,529.03,3,-0.525,1.2,0,0,0
18,11,NH3:BI3,-0.31084,1,0,4.26,0,0,0,2.71,0,0,0,408.55,3,0.0,0.97,0,0,0
18,12,NH3:O2S,-0.09924,0,0,4.26,0,0,0,0.85,0,0,0,81.11,3,0.0,1.24,0,0,0
19,1,CH5N:AlCl3,-0.17356,0,0,4.44,0,1,0,1.89,0,0,3,164.4,5,0.0,1.1,1,0,0
19,2,CH5N:AlH3,-0.1686,0,0,4.44,0,1,0,1.25,3,0,3,61.08,5,0.0,0.86,1,0,0
19,3,CH5N:C18F15Al,-0.18526,0,0,4.44,0,1,0,0.78,0,0,3,559.23,5,-0.525,1.19,1,0,0
19,4,CH5N:C3H9Al,-0.16026,0,0,4.44,0,1,0,0.79,9,0,3,103.17,5,-0.646,0.93,1,0,0
19,5,CH5N:C2H5AlCl2,-0.16818,0,0,4.44,0,1,0,1.02,5,0,3,158.02,5,-0.359,0.99,1,0,0
19,6,CH5N:BH3,-0.35942,1,0,4.44,0,0,0,0.72,3,0,3,44.91,5,0.0,0.91,1,0,0
19,7,CH5N:BF3,-0.31126,1,0,4.44,0,0,0,0.67,0,0,3,98.88,5,0.0,1.3,1,0,0
19,8,CH5N:BCl3,-0.34326,1,0,4.44,0,0,0,1.36,0,0,3,148.23,5,0.0,1.16,1,0,0
19,9,CH5N:BBr3,-0.33016,1,0,4.44,0,0,0,1.73,0,0,3,281.58,5,0.0,1.09,1,0,0
19,10,CH5N:C18BF15,-0.39548,1,0,4.44,0,0,0,0.72,0,0,3,543.06,5,-0.525,1.2,1,0,0
19,11,CH5N:BI3,-0.3012,1,0,4.44,0,0,0,2.71,0,0,3,422.58,5,0.0,0.97,1,0,0
19,12,CH5N:O2S,-0.1548,0,0,4.44,0,0,0,0.85,0,0,3,95.14,5,0.0,1.24,1,0,0
20,1,C2H7N:AlCl3,-0.16264,0,0,4.51,0,1,0,1.89,0,0,6,178.43,7,0.0,1.1,0,0,0
20,2,C2H7N:AlH3,-0.15608,0,0,4.51,0,1,0,1.25,3,0,6,75.11,7,0.0,0.86,0,0,0
20,3,C2H7N:C18F15Al,-0.17594,0,0,4.51,0,1,0,0.78,0,0,6,573.26,7,-0.525,1.19,0,0,0
20,4,C2H7N:C3H9Al,-0.14752,0,0,4.51,0,1,0,0.79,9,0,6,117.2,7,-0.646,0.93,0,0,0
20,5,C2H7N:C2H5AlCl2,-0.15544,0,0,4.51,0,1,0,1.02,5,0,6,172.05,7,-0.359,0.99,0,0,0
20,6,C2H7N:BH3,-0.35029,1,0,4.51,0,0,0,0.72,3,0,6,58.94,7,0.0,0.91,0,0,0
20,7,C2H7N:BF3,-0.3051,1,0,4.51,0,0,0,0.67,0,0,6,112.91,7,0.0,1.3,0,0,0
20,8,C2H7N:BCl3,-0.32704,1,0,4.51,0,0,0,1.36,0,0,6,162.26,7,0.0,1.16,0,0,0
20,9,C2H7N:BBr3,-0.31312,1,0,4.51,0,0,0,1.73,0,0,6,295.61,7,0.0,1.09,0,0,0
20,10,C2H7N:C18BF15,-0.38534,1,0,4.51,0,0,0,0.72,0,0,6,557.09,7,-0.525,1.2,0,0,0
20,11,C2H7N:BI3,-0.2871,1,0,4.51,0,0,0,2.71,0,0,6,436.61,7,0.0,0.97,0,0,0
20,12,C2H7N:O2S,-0.1882,0,0,4.51,0,0,0,0.85,0,0,6,109.17,7,0.0,1.24,0,0,0
21,1,C3H9N:AlCl3,-0.14898,0,0,4.55,0,1,0,1.89,0,0,9,192.46,9,0.0,1.1,0,0,0
21,2,C3H9N:AlH3,-0.14104,0,0,4.55,0,1,0,1.25,3,0,9,89.14,9,0.0,0.86,0,0,0
21,3,C3H9N:C18F15Al,-0.16274,0,0,4.55,0,1,0,0.78,0,0,9,587.29,9,-0.525,1.19,0,0,0
21,4,C3H9N:C3H9Al,-0.13346,0,0,4.55,0,1,0,0.79,9,0,9,131.23,9,-0.646,0.93,0,0,0
21,5,C3H9N:C2H5AlCl2,-0.14134,0,0,4.55,0,1,0,1.02,5,0,9,186.08,9,-0.359,0.99,0,0,0
21,6,C3H9N:BH3,-0.3324,1,0,4.55,0,0,0,0.72,3,0,9,72.97,9,0.0,0.91,0,0,0
21,7,C3H9N:BF3,-0.2895,1,0,4.55,0,0,0,0.67,0,0,9,126.94,9,0.0,1.3,0,0,0
21,8,C3H9N:BCl3,-0.3046,1,0,4.55,0,0,0,1.36,0,0,9,176.29,9,0.0,1.16,0,0,0
21,9,C3H9N:BBr3,-0.29132,1,0,4.55,0,0,0,1.73,0,0,9,309.64,9,0.0,1.09,0,0,0
21,10,C3H9N:C18BF15,-0.3461,1,0,4.55,0,0,0,0.72,0,0,9,571.12,9,-0.525,1.2,0,0,0
21,11,C3H9N:BI3,-0.26952,1,0,4.55,0,0,0,2.71,0,0,9,450.64,9,0.0,0.97,0,0,0
21,12,C3H9N:O2S,-0.20366,0,0,4.55,0,0,0,0.85,0,0,9,123.2,9,0.0,1.24,0,0,0
22,1,CHN:AlCl3,-0.14508,0,0,9.01,0,1,0,1.89,0,0,0,160.36,1,0.0,1.1,0,0,0
22,2,CHN:AlH3,-0.13308,0,0,9.01,0,1,0,1.25,3,0,0,57.04,1,0.0,0.86,0,0,0
22,3,CHN:C18F15Al,-0.16824,0,0,9.01,0,1,0,0.78,0,0,0,555.19,1,-0.525,1.19,0,0,0
22,4,CHN:C3H9Al,-0.1296,0,0,9.01,0,1,0,0.79,9,0,0,99.13,1,-0.646,0.93,0,0,0
22,5,CHN:C2H5AlCl2,-0.13958,0,0,9.01,0,1,0,1.02,5,0,0,153.98,1,-0.359,0.99,0,0,0
22,6,CHN:BH3,-0.26836,1,0,9.01,0,0,0,0.72,3,0,0,40.87,1,0.0,0.91,0,0,0
22,7,CHN:BF3,-0.05116,1,0,9.01,0,0,0,0.67,0,0,0,94.84,1,0.0,1.3,0,0,0
22,8,CHN:BCl3,-0.28674,1,0,9.01,0,0,0,1.36,0,0,0,144.19,1,0.0,1.16,0,0,0
22,9,CHN:BBr3,-0.26818,1,0,9.01,0,0,0,1.73,0,0,0,277.54,1,0.0,1.09,0,0,0
22,10,CHN:C18BF15,-0.35422,1,0,9.01,0,0,0,0.72,0,0,0,539.02,1,-0.525,1.2,0,0,0
22,11,CHN:BI3,-0.19632,1,0,9.01,0,0,0,2.71,0,0,0,418.54,1,0.0,0.97,0,0,0
23,1,C2H3N:AlCl3,-0.16194,0,0,6.84,0,1,0,1.89,0,0,0,174.39,3,0.0,1.1,0,0,0
23,2,C2H3N:AlH3,-0.15014,0,0,6.84,0,1,0,1.25,3,0,0,71.07,3,0.0,0.86,0,0,0
23,3,C2H3N:C18F15Al,-0.19064,0,0,6.84,0,1,0,0.78,0,0,0,569.22,3,-0.525,1.19,0,0,0
23,4,C2H3N:C3H9Al,-0.14608,0,0,6.84,0,1,0,0.79,9,0,0,113.16,3,-0.646,0.93,0,0,0
23,5,C2H3N:C2H5AlCl2,-0.1562,0,0,6.84,0,1,0,1.02,5,0,0,168.01,3,-0.359,0.99,0,0,0
23,6,C2H3N:BH3,-0.28739,1,0,6.84,0,0,0,0.72,3,0,0,54.9,3,0.0,0.91,0,0,0
23,7,C2H3N:BF3,-0.20008,1,0,6.84,0,0,0,0.67,0,0,0,108.87,3,0.0,1.3,0,0,0
23,8,C2H3N:BCl3,-0.31718,1,0,6.84,0,0,0,1.36,0,0,0,158.22,3,0.0,1.16,0,0,0
23,9,C2H3N:BBr3,-0.30024,1,0,6.84,0,0,0,1.73,0,0,0,291.57,3,0.0,1.09,0,0,0
23,10,C2H3N:C18BF15,-0.3811,1,0,6.84,0,0,0,0.72,0,0,0,553.05,3,-0.525,1.2,0,0,0
23,11,C2H3N:BI3,-0.23684,1,0,6.84,0,0,0,2.71,0,0,0,432.57,3,0.0,0.97,0,0,0
24,1,C3H3N3:AlCl3,-0.15124,0,0,9.01,0,1,0,1.89,0,0,0,214.42,3,0.0,1.1,0,0,0
24,2,C3H3N3:AlH3,-0.14066,0,0,9.01,0,1,0,1.25,3,0,0,111.1,3,0.0,0.86,0,0,0
24,3,C3H3N3:C18F15Al,-0.15848,0,0,9.01,0,1,0,0.78,0,0,0,609.25,3,-0.525,1.19,0,0,0
24,4,C3H3N3:C3H9Al,-0.13228,0,0,9.01,0,1,0,0.79,9,0,0,153.19,3,-0.646,0.93,0,0,0
24,5,C3H3N3:C2H5AlCl2,-0.14146,0,0,9.01,0,1,0,1.02,5,0,0,208.04,3,-0.359,0.99,0,0,0
24,6,C3H3N3:BH3,-0.30546,1,0,9.01,0,0,0,0.72,3,0,0,94.93,3,0.0,0.91,0,0,0
24,7,C3H3N3:BF3,-0.27408,1,0,9.01,0,0,0,0.67,0,0,0,148.9,3,0.0,1.3,0,0,0
24,8,C3H3N3:BCl3,-0.29974,1,0,9.01,0,0,0,1.36,0,0,0,198.25,3,0.0,1.16,0,0,0
24,9,C3H3N3:BBr3,-0.27748,1,0,9.01,0,0,0,1.73,0,0,0,331.6,3,0.0,1.09,0,0,0
24,10,C3H3N3:C18BF15,-0.35084,1,0,9.01,0,0,0,0.72,0,0,0,593.08,3,-0.525,1.2,0,0,0
24,11,C3H3N3:BI3,-0.2105,1,0,9.01,0,0,0,2.71,0,0,0,472.6,3,0.0,0.97,0,0,0
24,12,C3H3N3:O2S,-0.06906,0,0,9.01,0,0,0,0.85,0,0,0,145.16,3,0.0,1.24,0,0,0
25,1,C6H7N:AlCl3,-0.16978,0,0,6.65,0,1,0,1.89,0,0,5,226.47,7,0.0,1.1,0,5,0
25,2,C6H7N:AlH3,-0.15576,0,0,6.65,0,1,0,1.25,3,0,5,123.15,7,0.0,0.86,0,5,0
25,3,C6H7N:C18F15Al,-0.1623,0,0,6.65,0,1,0,0.78,0,0,5,621.3,7,-0.525,1.19,0,5,0
25,4,C6H7N:C3H9Al,-0.14474,0,0,6.65,0,1,0,0.79,9,0,5,165.24,7,-0.646,0.93,0,5,0
25,5,C6H7N:C2H5AlCl2,-0.15586,0,0,6.65,0,1,0,1.02,5,0,5,220.09,7,-0.359,0.99,0,5,0
25,6,C6H7N:BH3,-0.33454,1,0,6.65,0,0,0,0.72,3,0,5,106.98,7,0.0,0.91,0,5,0
25,7,C6H7N:BF3,-0.28486,1,0,6.65,0,0,0,0.67,0,0,5,160.95,7,0.0,1.3,0,5,0
25,8,C6H7N:BCl3,-0.3324,1,0,6.65,0,0,0,1.36,0,0,5,210.3,7,0.0,1.16,0,5,0
25,9,C6H7N:BBr3,-0.31504,1,0,6.65,0,0,0,1.73,0,0,5,343.65,7,0.0,1.09,0,5,0
25,10,C6H7N:C18BF15,-0.37654,1,0,6.65,0,0,0,0.72,0,0,5,605.13,7,-0.525,1.2,0,5,0
25,11,C6H7N:BI3,-0.28618,1,0,6.65,0,0,0,2.71,0,0,5,484.65,7,0.0,0.97,0,5,0
25,12,C6H7N:O2S,-0.12138,0,0,6.65,0,0,0,0.85,0,0,5,157.21,7,0.0,1.24,0,5,0
26,1,C6H5NF2:AlCl3,-0.16384,0,0,9.22,0,1,0,1.89,0,0,3,262.45,5,0.0,1.1,0,3,0
26,2,C6H5NF2:AlH3,-0.14902,0,0,9.22,0,1,0,1.25,3,0,3,159.13,5,0.0,0.86,0,3,0
26,3,C6H5NF2:C18F15Al,-0.15524,0,0,9.22,0,1,0,0.78,0,0,3,657.28,5,-0.525,1.19,0,3,0
26,4,C6H5NF2:C3H9Al,-0.1371,0,0,9.22,0,1,0,0.79,9,0,3,201.22,5,-0.646,0.93,0,3,0
26,5,C6H5NF2:C2H5AlCl2,-0.14968,0,0,9.22,0,1,0,1.02,5,0,3,256.07,5,-0.359,0.99,0,3,0
26,6,C6H5NF2:BH3,-0.32454,1,0,9.22,0,0,0,0.72,3,0,3,142.96,5,0.0,0.91,0,3,0
26,7,C6H5NF2:BF3,-0.27186,1,0,9.22,0,0,0,0.67,0,0,3,196.93,5,0.0,1.3,0,3,0
26,8,C6H5NF2:BCl3,-0.31842,1,0,9.22,0,0,0,1.36,0,0,3,246.28,5,0.0,1.16,0,3,0
26,9,C6H5NF2:BBr3,-0.31146,1,0,9.22,0,0,0,1.73,0,0,3,379.63,5,0.0,1.09,0,3,0
26,10,C6H5NF2:C18BF15,-0.36502,1,0,9.22,0,0,0,0.72,0,0,3,641.11,5,-0.525,1.2,0,3,0
26,11,C6H5NF2:BI3,-0.27184,1,0,9.22,0,0,0,2.71,0,0,3,520.63,5,0.0,0.97,0,3,0
26,12,C6H5NF2:O2S,-0.10298,0,0,9.22,0,0,0,0.85,0,0,3,193.19,5,0.0,1.24,0,3,0
27,1,C8H11N:AlCl3,-0.16622,0,0,6.06,0,1,0,1.89,0,0,3,254.53,11,0.0,1.1,0,3,0
27,2,C8H11N:AlH3,-0.15768,0,0,6.06,0,1,0,1.25,3,0,3,151.21,11,0.0,0.86,0,3,0
27,3,C8H11N:C18F15Al,-0.16668,0,0,6.06,0,1,0,0.78,0,0,3,649.36,11,-0.525,1.19,0,3,0
27,4,C8H11N:C3H9Al,-0.14506,0,0,6.06,0,1,0,0.79,9,0,3,193.3,11,-0.646,0.93,0,3,0
27,5,C8H11N:C2H5AlCl2,-0.15736,0,0,6.06,0,1,0,1.02,5,0,3,248.15,11,-0.359,0.99,0,3,0
27,6,C8H11N:BH3,-0.33684,1,0,6.06,0,0,0,0.72,3,0,3,135.04,11,0.0,0.91,0,3,0
27,7,C8H11N:BF3,-0.28852,1,0,6.06,0,0,0,0.67,0,0,3,189.01,11,0.0,1.3,0,3,0
27,8,C8H11N:BCl3,-0.32988,1,0,6.06,0,0,0,1.36,0,0,3,238.36,11,0.0,1.16,0,3,0
27,9,C8H11N:BBr3,-0.31806,1,0,6.06,0,0,0,1.73,0,0,3,371.71,11,0.0,1.09,0,3,0
27,10,C8H11N:C18BF15,-0.36978,1,0,6.06,0,0,0,0.72,0,0,3,633.19,11,-0.525,1.2,0,3,0
27,11,C8H11N:BI3,-0.28958,1,0,6.06,0,0,0,2.71,0,0,3,512.71,11,0.0,0.97,0,3,0
27,12,C8H11N:O2S,-0.13034,0,0,6.06,0,0,0,0.85,0,0,3,185.27,11,0.0,1.24,0,3,0
28,1,C8H6N2:AlCl3,-0.15794,0,0,8.13,0,1,0,1.89,0,0,4,263.49,6,0.0,1.1,0,4,0
28,2,C8H6N2:AlH3,-0.14948,0,0,8.13,0,1,0,1.25,3,0,4,160.17,6,0.0,0.86,0,4,0
28,3,C8H6N2:C18F15Al,-0.17398,0,0,8.13,0,1,0,0.78,0,0,4,658.32,6,-0.525,1.19,0,4,0
28,4,C8H6N2:C3H9Al,-0.13872,0,0,8.13,0,1,0,0.79,9,0,4,202.26,6,-0.646,0.93,0,4,0
28,5,C8H6N2:C2H5AlCl2,-0.15058,0,0,8.13,0,1,0,1.02,5,0,4,257.11,6,-0.359,0.99,0,4,0
28,6,C8H6N2:BH3,-0.31266,1,0,8.13,0,0,0,0.72,3,0,4,144.0,6,0.0,0.91,0,4,0
28,7,C8H6N2:BF3,-0.28844,1,0,8.13,0,0,0,0.67,0,0,4,197.97,6,0.0,1.3,0,4,0
28,8,C8H6N2:BCl3,-0.30078,1,0,8.13,0,0,0,1.36,0,0,4,247.32,6,0.0,1.16,0,4,0
28,9,C8H6N2:BBr3,-0.27632,1,0,8.13,0,0,0,1.73,0,0,4,380.67,6,0.0,1.09,0,4,0
28,10,C8H6N2:C18BF15,-0.36424,1,0,8.13,0,0,0,0.72,0,0,4,642.15,6,-0.525,1.2,0,4,0
28,11,C8H6N2:BI3,-0.22648,1,0,8.13,0,0,0,2.71,0,0,4,521.67,6,0.0,0.97,0,4,0
28,12,C8H6N2:O2S,-0.10128,0,0,8.13,0,0,0,0.85,0,0,4,194.23,6,0.0,1.24,0,4,0
29,1,C10H10N2:AlCl3,-0.161,0,0,7.19,0,1,0,1.89,0,0,2,291.55,10,0.0,1.1,0,2,0
29,2,C10H10N2:AlH3,-0.15786,0,0,7.19,0,1,0,1.25,3,0,2,188.23,10,0.0,0.86,0,2,0
29,3,C10H10N2:C18F15Al,-0.17622,0,0,7.19,0,1,0,0.78,0,0,2,686.38,10,-0.525,1.19,0,2,0
29,4,C10H10N2:C3H9Al,-0.14216,0,0,7.19,0,1,0,0.79,9,0,2,230.32,10,-0.646,0.93,0,2,0
29,5,C10H10N2:C2H5AlCl2,-0.15728,0,0,7.19,0,1,0,1.02,5,0,2,285.17,10,-0.359,0.99,0,2,0
29,6,C10H10N2:BH3,-0.3179,1,0,7.19,0,0,0,0.72,3,0,2,172.06,10,0.0,0.91,0,2,0
29,7,C10H10N2:BF3,-0.29434,1,0,7.19,0,0,0,0.67,0,0,2,226.03,10,0.0,1.3,0,2,0
29,8,C10H10N2:BCl3,-0.30644,1,0,7.19,0,0,0,1.36,0,0,2,275.38,10,0.0,1.16,0,2,0
29,9,C10H10N2:BBr3,-0.2826,1,0,7.19,0,0,0,1.73,0,0,2,408.73,10,0.0,1.09,0,2,0
29,10,C10H10N2:C18BF15,-0.37034,1,0,7.19,0,0,0,0.72,0,0,2,670.21,10,-0.525,1.2,0,2,0
29,11,C10H10N2:BI3,-0.2361,1,0,7.19,0,0,0,2.71,0,0,2,549.73,10,0.0,0.97,0,2,0
29,12,C10H10N2:O2S,-0.1104,0,0,7.19,0,0,0,0.85,0,0,2,222.29,10,0.0,1.24,0,2,0
30,1,C8H4N2F2:AlCl3,-0.15562,0,0,10.38,0,1,0,1.89,0,0,2,299.47,4,0.0,1.1,0,2,0
30,2,C8H4N2F2:AlH3,-0.14308,0,0,10.38,0,1,0,1.25,3,0,2,196.15,4,0.0,0.86,0,2,0
30,3,C8H4N2F2:C18F15Al,-0.16744,0,0,10.38,0,1,0,0.78,0,0,2,694.3,4,-0.525,1.19,0,2,0
30,4,C8H4N2F2:C3H9Al,-0.1333,0,0,10.38,0,1,0,0.79,9,0,2,238.24,4,-0.646,0.93,0,2,0
30,5,C8H4N2F2:C2H5AlCl2,-0.14826,0,0,10.38,0,1,0,1.02,5,0,2,293.09,4,-0.359,0.99,0,2,0
30,6,C8H4N2F2:BH3,-0.30772,1,0,10.38,0,0,0,0.72,3,0,2,179.98,4,0.0,0.91,0,2,0
30,7,C8H4N2F2:BF3,-0.28338,1,0,10.38,0,0,0,0.67,0,0,2,233.95,4,0.0,1.3,0,2,0
30,8,C8H4N2F2:BCl3,-0.2948,1,0,10.38,0,0,0,1.36,0,0,2,283.3,4,0.0,1.16,0,2,0
30,9,C8H4N2F2:BBr3,-0.26946,1,0,10.38,0,0,0,1.73,0,0,2,416.65,4,0.0,1.09,0,2,0
30,10,C8H4N2F2:C18BF15,-0.35706,1,0,10.38,0,0,0,0.72,0,0,2,678.13,4,-0.525,1.2,0,2,0
30,11,C8H4N2F2:BI3,-0.2081,1,0,10.38,0,0,0,2.71,0,0,2,557.65,4,0.0,0.97,0,2,0
30,12,C8H4N2F2:O2S,-0.0909,0,0,10.38,0,0,0,0.85,0,0,2,230.21,4,0.0,1.24,0,2,0
31,1,C8H11NO2S:AlCl3,-0.1154,0,2,8.06,0,1,0,1.89,0,0,3,318.6,11,0.0,1.1,0,0,0
31,2,C8H11NO2S:AlH3,-0.09492,0,2,8.06,0,1,0,1.25,3,0,3,215.28,11,0.0,0.86,0,0,0
31,3,C8H11NO2S:C18F15Al,-0.11542,0,2,8.06,0,1,0,0.78,0,0,3,713.43,11,-0.525,1.19,0,0,0
31,4,C8H11NO2S:C3H9Al,-0.07102,0,2,8.06,0,1,0,0.79,9,0,3,257.37,11,-0.646,0.93,0,0,0
31,5,C8H11NO2S:C2H5AlCl2,-0.09864,0,2,8.06,0,1,0,1.02,5,0,3,312.22,11,-0.359,0.99,0,0,0
31,6,C8H11NO2S:BH3,-0.24758,1,2,8.06,0,0,0,0.72,3,0,3,199.11,11,0.0,0.91,0,0,0
31,7,C8H11NO2S:BF3,-0.00152,1,2,8.06,0,0,0,0.67,0,0,3,253.08,11,0.0,1.3,0,0,0
31,10,C8H11NO2S:C18BF15,-0.30426,1,2,8.06,0,0,0,0.72,0,0,3,697.26,11,-0.525,1.2,0,0,0
32,1,C6H8N2O2S:AlCl3,-0.1208,0,2,9.06,0,1,0,1.89,0,0,3,305.56,8,0.0,1.1,0,0,0
32,2,C6H8N2O2S:AlH3,-0.09772,0,2,9.06,0,1,0,1.25,3,0,3,202.24,8,0.0,0.86,0,0,0
32,4,C6H8N2O2S:C3H9Al,-0.07258,0,2,9.06,0,1,0,0.79,9,0,3,244.33,8,-0.646,0.93,0,0,0
32,5,C6H8N2O2S:C2H5AlCl2,-0.10412,0,2,9.06,0,1,0,1.02,5,0,3,299.18,8,-0.359,0.99,0,0,0
32,6,C6H8N2O2S:BH3,-0.26092,1,2,9.06,0,0,0,0.72,3,0,3,186.07,8,0.0,0.91,0,0,0
32,7,C6H8N2O2S:BF3,-0.00182,1,2,9.06,0,0,0,0.67,0,0,3,240.04,8,0.0,1.3,0,0,0
32,9,C6H8N2O2S:BBr3,-0.24172,1,2,9.06,0,0,0,1.73,0,0,3,422.74,8,0.0,1.09,0,0,0
32,10,C6H8N2O2S:C18BF15,-0.27746,1,2,9.06,0,0,0,0.72,0,0,3,684.22,8,-0.525,1.2,0,0,0
32,11,C6H8N2O2S:BI3,-0.1988,1,2,9.06,0,0,0,2.71,0,0,3,563.74,8,0.0,0.97,0,0,0
33,1,C4H3NO2S:AlCl3,-0.10978,0,2,11.74,1,1,0,1.89,0,0,2,262.48,3,0.0,1.1,0,0,0
33,2,C4H3NO2S:AlH3,-0.08112,0,2,11.74,1,1,0,1.25,3,0,2,159.16,3,0.0,0.86,0,0,0
33,3,C4H3NO2S:C18F15Al,-0.11274,0,2,11.74,1,1,0,0.78,0,0,2,657.31,3,-0.525,1.19,0,0,0
33,4,C4H3NO2S:C3H9Al,-0.05204,0,2,11.74,1,1,0,0.79,9,0,2,201.25,3,-0.646,0.93,0,0,0
33,5,C4H3NO2S:C2H5AlCl2,-0.08992,0,2,11.74,1,1,0,1.02,5,0,2,256.1,3,-0.359,0.99,0,0,0
33,6,C4H3NO2S:BH3,-0.2283,1,2,11.74,1,0,0,0.72,3,0,2,142.99,3,0.0,0.91,0,0,0
33,7,C4H3NO2S:BF3,-0.00266,1,2,11.74,1,0,0,0.67,0,0,2,196.96,3,0.0,1.3,0,0,0
33,8,C4H3NO2S:BCl3,-0.00584,1,2,11.74,1,0,0,1.36,0,0,2,246.31,3,0.0,1.16,0,0,0
33,9,C4H3NO2S:BBr3,-0.005,1,2,11.74,1,0,0,1.73,0,0,2,379.66,3,0.0,1.09,0,0,0
33,10,C4H3NO2S:C18BF15,-0.269,1,2,11.74,1,0,0,0.72,0,0,2,641.14,3,-0.525,1.2,0,0,0
33,11,C4H3NO2S:BI3,0.00188,1,2,11.74,1,0,0,2.71,0,0,2,520.66,3,0.0,0.97,0,0,0
34,1,C4H3NOS2:AlCl3,-0.11594,0,1,13.2,1,1,0,1.89,0,0,2,278.55,3,0.0,1.1,0,0,0
34,2,C4H3NOS2:AlH3,-0.09032,0,1,13.2,1,1,0,1.25,3,0,2,175.23,3,0.0,0.86,0,0,0
34,3,C4H3NOS2:C18F15Al,-0.10932,0,1,13.2,1,1,0,0.78,0,0,2,673.38,3,-0.525,1.19,0,0,0
34,4,C4H3NOS2:C3H9Al,-0.06344,0,1,13.2,1,1,0,0.79,9,0,2,217.32,3,-0.646,0.93,0,0,0
34,5,C4H3NOS2:C2H5AlCl2,-0.09972,0,1,13.2,1,1,0,1.02,5,0,2,272.17,3,-0.359,0.99,0,0,0
34,6,C4H3NOS2:BH3,-0.24758,1,1,13.2,1,0,0,0.72,3,0,2,159.06,3,0.0,0.91,0,0,0
34,7,C4H3NOS2:BF3,-0.0035,1,1,13.2,1,0,0,0.67,0,0,2,213.03,3,0.0,1.3,0,0,0
34,8,C4H3NOS2:BCl3,-0.00654,1,1,13.2,1,0,0,1.36,0,0,2,262.38,3,0.0,1.16,0,0,0
34,10,C4H3NOS2:C18BF15,-0.28238,1,1,13.2,1,0,0,0.72,0,0,2,657.21,3,-0.525,1.2,0,0,0
35,1,C5H11N:AlCl3,-0.14708,0,0,5.01,0,1,0,1.89,0,0,7,218.5,11,0.0,1.1,0,0,0
35,2,C5H11N:AlH3,-0.14432,0,0,5.01,0,1,0,1.25,3,0,7,115.18,11,0.0,0.86,0,0,0
35,3,C5H11N:C18F15Al,-0.1604,0,0,5.01,0,1,0,0.78,0,0,7,613.33,11,-0.525,1.19,0,0,0
35,4,C5H11N:C3H9Al,-0.13326,0,0,5.01,0,1,0,0.79,9,0,7,157.27,11,-0.646,0.93,0,0,0
35,5,C5H11N:C2H5AlCl2,-0.14238,0,0,5.01,0,1,0,1.02,5,0,7,212.12,11,-0.359,0.99,0,0,0
35,6,C5H11N:BH3,-0.335,1,0,5.01,0,0,0,0.72,3,0,7,99.01,11,0.0,0.91,0,0,0
35,7,C5H11N:BF3,-0.2929,1,0,5.01,0,0,0,0.67,0,0,7,152.98,11,0.0,1.3,0,0,0
35,8,C5H11N:BCl3,-0.2996,1,0,5.01,0,0,0,1.36,0,0,7,202.33,11,0.0,1.16,0,0,0
35,9,C5H11N:BBr3,-0.28536,1,0,5.01,0,0,0,1.73,0,0,7,335.68,11,0.0,1.09,0,0,0
35,10,C5H11N:C18BF15,-0.35034,1,0,5.01,0,0,0,0.72,0,0,7,597.16,11,-0.525,1.2,0,0,0
35,11,C5H11N:BI3,-0.26196,1,0,5.01,0,0,0,2.71,0,0,7,476.68,11,0.0,0.97,0,0,0
35,12,C5H11N:O2S,-0.20302,0,0,5.01,0,0,0,0.85,0,0,7,149.24,11,0.0,1.24,0,0,0
36,1,C7H15N:AlCl3,-0.1473,0,0,4.92,0,1,0,1.89,0,0,5,246.56,15,0.0,1.1,0,0,0
36,2,C7H15N:AlH3,-0.14216,0,0,4.92,0,1,0,1.25,3,0,5,143.24,15,0.0,0.86,0,0,0
36,3,C7H15N:C18F15Al,-0.16,0,0,4.92,0,1,0,0.78,0,0,5,641.39,15,-0.525,1.19,0,0,0
36,4,C7H15N:C3H9Al,-0.1302,0,0,4.92,0,1,0,0.79,9,0,5,185.33,15,-0.646,0.93,0,0,0
36,5,C7H15N:C2H5AlCl2,-0.14018,0,0,4.92,0,1,0,1.02,5,0,5,240.18,15,-0.359,0.99,0,0,0
36,6,C7H15N:BH3,-0.3284,1,0,4.92,0,0,0,0.72,3,0,5,127.07,15,0.0,0.91,0,0,0
36,7,C7H15N:BF3,-0.2915,1,0,4.92,0,0,0,0.67,0,0,5,181.04,15,0.0,1.3,0,0,0
36,8,C7H15N:BCl3,-0.2964,1,0,4.92,0,0,0,1.36,0,0,5,230.39,15,0.0,1.16,0,0,0
36,9,C7H15N:BBr3,-0.28036,1,0,4.92,0,0,0,1.73,0,0,5,363.74,15,0.0,1.09,0,0,0
36,10,C7H15N:C18BF15,-0.34416,1,0,4.92,0,0,0,0.72,0,0,5,625.22,15,-0.525,1.2,0,0,0
36,11,C7H15N:BI3,-0.25654,1,0,4.92,0,0,0,2.71,0,0,5,504.74,15,0.0,0.97,0,0,0
36,12,C7H15N:O2S,-0.20596,0,0,4.92,0,0,0,0.85,0,0,5,177.3,15,0.0,1.24,0,0,0
37,1,C6H13N:AlCl3,-0.1451,0,0,4.96,0,1,0,1.89,0,0,7,232.53,13,0.0,1.1,0,0,0
37,2,C6H13N:AlH3,-0.13582,0,0,4.96,0,1,0,1.25,3,0,7,129.21,13,0.0,0.86,0,0,0
37,3,C6H13N:C18F15Al,-0.15654,0,0,4.96,0,1,0,0.78,0,0,7,627.36,13,-0.525,1.19,0,0,0
37,4,C6H13N:C3H9Al,-0.12914,0,0,4.96,0,1,0,0.79,9,0,7,171.3,13,-0.646,0.93,0,0,0
37,5,C6H13N:C2H5AlCl2,-0.1369,0,0,4.96,0,1,0,1.02,5,0,7,226.15,13,-0.359,0.99,0,0,0
37,6,C6H13N:BH3,-0.3267,1,0,4.96,0,0,0,0.72,3,0,7,113.04,13,0.0,0.91,0,0,0
37,7,C6H13N:BF3,-0.28658,1,0,4.96,0,0,0,0.67,0,0,7,167.01,13,0.0,1.3,0,0,0
37,8,C6H13N:BCl3,-0.29546,1,0,4.96,0,0,0,1.36,0,0,7,216.36,13,0.0,1.16,0,0,0
37,9,C6H13N:BBr3,-0.28086,1,0,4.96,0,0,0,1.73,0,0,7,349.71,13,0.0,1.09,0,0,0
37,10,C6H13N:C18BF15,-0.34208,1,0,4.96,0,0,0,0.72,0,0,7,611.19,13,-0.525,1.2,0,0,0
37,11,C6H13N:BI3,-0.25642,1,0,4.96,0,0,0,2.71,0,0,7,490.71,13,0.0,0.97,0,0,0
37,12,C6H13N:O2S,-0.21432,0,0,4.96,0,0,0,0.85,0,0,7,163.27,13,0.0,1.24,0,0,0
38,1,C8H17N:AlCl3,-0.1689,0,0,4.89,0,1,0,1.89,0,0,5,260.59,17,0.0,1.1,0,0,0
38,2,C8H17N:AlH3,-0.1702,0,0,4.89,0,1,0,1.25,3,0,5,157.27,17,0.0,0.86,0,0,0
38,3,C8H17N:C18F15Al,-0.18378,0,0,4.89,0,1,0,0.78,0,0,5,655.42,17,-0.525,1.19,0,0,0
38,4,C8H17N:C3H9Al,-0.15978,0,0,4.89,0,1,0,0.79,9,0,5,199.36,17,-0.646,0.93,0,0,0
38,5,C8H17N:C2H5AlCl2,-0.16446,0,0,4.89,0,1,0,1.02,5,0,5,254.21,17,-0.359,0.99,0,0,0
38,6,C8H17N:BH3,-0.34616,1,0,4.89,0,0,0,0.72,3,0,5,141.1,17,0.0,0.91,0,0,0
38,7,C8H17N:BF3,-0.28988,1,0,4.89,0,0,0,0.67,0,0,5,195.07,17,0.0,1.3,0,0,0
38,8,C8H17N:BCl3,-0.30348,1,0,4.89,0,0,0,1.36,0,0,5,244.42,17,0.0,1.16,0,0,0
38,9,C8H17N:BBr3,-0.29156,1,0,4.89,0,0,0,1.73,0,0,5,377.77,17,0.0,1.09,0,0,0
38,10,C8H17N:C18BF15,-0.34422,1,0,4.89,0,0,0,0.72,0,0,5,639.25,17,-0.525,1.2,0,0,0
38,11,C8H17N:BI3,-0.26912,1,0,4.89,0,0,0,2.71,0,0,5,518.77,17,0.0,0.97,0,0,0
38,12,C8H17N:O2S,-0.17794,0,0,4.89,0,0,0,0.85,0,0,5,191.33,17,0.0,1.24,0,0,0
39,1,C10H6N2S2:AlCl3,-0.15004,0,0,10.92,0,1,0,1.89,0,0,5,351.65,6,0.0,1.1,0,5,0
39,2,C10H6N2S2:AlH3,-0.14014,0,0,10.92,0,1,0,1.25,3,0,5,248.33,6,0.0,0.86,0,5,0
39,3,C10H6N2S2:C18F15Al,-0.17266,0,0,10.92,0,1,0,0.78,0,0,5,746.48,6,-0.525,1.19,0,5,0
39,4,C10H6N2S2:C3H9Al,-0.1298,0,0,10.92,0,1,0,0.79,9,0,5,290.42,6,-0.646,0.93,0,5,0
39,5,C10H6N2S2:C2H5AlCl2,-0.1375,0,0,10.92,0,1,0,1.02,5,0,5,345.27,6,-0.359,0.99,0,5,0
39,6,C10H6N2S2:BH3,-0.29986,1,0,10.92,0,0,0,0.72,3,0,5,232.16,6,0.0,0.91,0,5,0
39,7,C10H6N2S2:BF3,-0.2695,1,0,10.92,0,0,0,0.67,0,0,5,286.13,6,0.0,1.3,0,5,0
39,8,C10H6N2S2:BCl3,-0.2999,1,0,10.92,0,0,0,1.36,0,0,5,335.48,6,0.0,1.16,0,5,0
39,9,C10H6N2S2:BBr3,-0.2706,1,0,10.92,0,0,0,1.73,0,0,5,468.83,6,0.0,1.09,0,5,0
39,10,C10H6N2S2:C18BF15,-0.3743,1,0,10.92,0,0,0,0.72,0,0,5,730.31,6,-0.525,1.2,0,5,0
39,11,C10H6N2S2:BI3,-0.1758,1,0,10.92,0,0,0,2.71,0,0,5,609.83,6,0.0,0.97,0,5,0
39,12,C10H6N2S2:O2S,-0.03024,0,0,10.92,0,0,0,0.85,0,0,5,282.39,6,0.0,1.24,0,5,0
40,1,C17H12N2S3:AlCl3,-0.15222,0,0,10.02,0,1,0,1.89,0,2,5,473.85,12,0.0,1.1,0,5,0
40,2,C17H12N2S3:AlH3,-0.1436,0,0,10.02,0,1,0,1.25,3,2,5,370.53,12,0.0,0.86,0,5,0
40,3,C17H12N2S3:C18F15Al,-0.17296,0,0,10.02,0,1,0,0.78,0,2,5,868.68,12,-0.525,1.19,0,5,0
40,4,C17H12N2S3:C3H9Al,-0.13136,0,0,10.02,0,1,0,0.79,9,2,5,412.62,12,-0.646,0.93,0,5,0
40,5,C17H12N2S3:C2H5AlCl2,-0.13512,0,0,10.02,0,1,0,1.02,5,2,5,467.47,12,-0.359,0.99,0,5,0
40,6,C17H12N2S3:BH3,-0.30196,1,0,10.02,0,0,0,0.72,3,2,5,354.36,12,0.0,0.91,0,5,0
40,7,C17H12N2S3:BF3,-0.27276,1,0,10.02,0,0,0,0.67,0,2,5,408.33,12,0.0,1.3,0,5,0
40,8,C17H12N2S3:BCl3,-0.30324,1,0,10.02,0,0,0,1.36,0,2,5,457.68,12,0.0,1.16,0,5,0
40,9,C17H12N2S3:BBr3,-0.27436,1,0,10.02,0,0,0,1.73,0,2,5,591.03,12,0.0,1.09,0,5,0
40,10,C17H12N2S3:C18BF15,-0.37848,1,0,10.02,0,0,0,0.72,0,2,5,852.51,12,-0.525,1.2,0,5,0
40,11,C17H12N2S3:BI3,-0.18684,1,0,10.02,0,0,0,2.71,0,2,5,732.03,12,0.0,0.97,0,5,0
40,12,C17H12N2S3:O2S,-0.03174,0,0,10.02,0,0,0,0.85,0,2,5,404.59,12,0.0,1.24,0,5,0
41,1,C10H5N2FS2:AlCl3,-0.1474,0,0,11.82,0,1,0,1.89,0,0,4,369.64,5,0.0,1.1,0,4,0
41,2,C10H5N2FS2:AlH3,-0.1387,0,0,11.82,0,1,0,1.25,3,0,4,266.32,5,0.0,0.86,0,4,0
41,3,C10H5N2FS2:C18F15Al,-0.16994,0,0,11.82,0,1,0,0.78,0,0,4,764.47,5,-0.525,1.19,0,4,0
41,4,C10H5N2FS2:C3H9Al,-0.127,0,0,11.82,0,1,0,0.79,9,0,4,308.41,5,-0.646,0.93,0,4,0
41,5,C10H5N2FS2:C2H5AlCl2,-0.14506,0,0,11.82,0,1,0,1.02,5,0,4,363.26,5,-0.359,0.99,0,4,0
41,6,C10H5N2FS2:BH3,-0.29666,1,0,11.82,0,0,0,0.72,3,0,4,250.15,5,0.0,0.91,0,4,0
41,7,C10H5N2FS2:BF3,-0.26512,1,0,11.82,0,0,0,0.67,0,0,4,304.12,5,0.0,1.3,0,4,0
41,8,C10H5N2FS2:BCl3,-0.29578,1,0,11.82,0,0,0,1.36,0,0,4,353.47,5,0.0,1.16,0,4,0
41,9,C10H5N2FS2:BBr3,-0.26582,1,0,11.82,0,0,0,1.73,0,0,4,486.82,5,0.0,1.09,0,4,0
41,10,C10H5N2FS2:C18BF15,-0.37024,1,0,11.82,0,0,0,0.72,0,0,4,748.3,5,-0.525,1.2,0,4,0
41,11,C10H5N2FS2:BI3,-0.16482,1,0,11.82,0,0,0,2.71,0,0,4,627.82,5,0.0,0.97,0,4,0
41,12,C10H5N2FS2:O2S,-0.0266,0,0,11.82,0,0,0,0.85,0,0,4,300.38,5,0.0,1.24,0,4,0
42,1,C17H11N2FS3:AlCl3,-0.14984,0,0,10.54,0,1,0,1.89,0,2,4,491.84,11,0.0,1.1,0,4,0
42,2,C17H11N2FS3:AlH3,-0.14072,0,0,10.54,0,1,0,1.25,3,2,4,388.52,11,0.0,0.86,0,4,0
42,3,C17H11N2FS3:C18F15Al,-0.1728,0,0,10.54,0,1,0,0.78,0,2,4,886.67,11,-0.525,1.19,0,4,0
42,4,C17H11N2FS3:C3H9Al,-0.1288,0,0,10.54,0,1,0,0.79,9,2,4,430.61,11,-0.646,0.93,0,4,0
42,5,C17H11N2FS3:C2H5AlCl2,-0.13688,0,0,10.54,0,1,0,1.02,5,2,4,485.46,11,-0.359,0.99,0,4,0
42,6,C17H11N2FS3:BH3,-0.29894,1,0,10.54,0,0,0,0.72,3,2,4,372.35,11,0.0,0.91,0,4,0
42,7,C17H11N2FS3:BF3,-0.26878,1,0,10.54,0,0,0,0.67,0,2,4,426.32,11,0.0,1.3,0,4,0
42,8,C17H11N2FS3:BCl3,-0.2997,1,0,10.54,0,0,0,1.36,0,2,4,475.67,11,0.0,1.16,0,4,0
42,9,C17H11N2FS3:BBr3,-0.27022,1,0,10.54,0,0,0,1.73,0,2,4,609.02,11,0.0,1.09,0,4,0
42,10,C17H11N2FS3:C18BF15,-0.37484,1,0,10.54,0,0,0,0.72,0,2,4,870.5,11,-0.525,1.2,0,4,0
42,11,C17H11N2FS3:BI3,-0.17756,1,0,10.54,0,0,0,2.71,0,2,4,750.02,11,0.0,0.97,0,4,0
42,12,C17H11N2FS3:O2S,-0.02816,0,0,10.54,0,0,0,0.85,0,2,4,422.58,11,0.0,1.24,0,4,0
43,1,C10H4N2F2S2:AlCl3,-0.14584,0,0,12.71,0,1,0,1.89,0,0,3,387.63,4,0.0,1.1,0,3,0
43,2,C10H4N2F2S2:AlH3,-0.13606,0,0,12.71,0,1,0,1.25,3,0,3,284.31,4,0.0,0.86,0,3,0
43,3,C10H4N2F2S2:C18F15Al,-0.16784,0,0,12.71,0,1,0,0.78,0,0,3,782.46,4,-0.525,1.19,0,3,0
43,4,C10H4N2F2S2:C3H9Al,-0.1259,0,0,12.71,0,1,0,0.79,9,0,3,326.4,4,-0.646,0.93,0,3,0
43,5,C10H4N2F2S2:C2H5AlCl2,-0.14622,0,0,12.71,0,1,0,1.02,5,0,3,381.25,4,-0.359,0.99,0,3,0
43,6,C10H4N2F2S2:BH3,-0.2963,1,0,12.71,0,0,0,0.72,3,0,3,268.14,4,0.0,0.91,0,3,0
43,7,C10H4N2F2S2:BF3,-0.26434,1,0,12.71,0,0,0,0.67,0,0,3,322.11,4,0.0,1.3,0,3,0
43,8,C10H4N2F2S2:BCl3,-0.2945,1,0,12.71,0,0,0,1.36,0,0,3,371.46,4,0.0,1.16,0,3,0
43,9,C10H4N2F2S2:BBr3,-0.26404,1,0,12.71,0,0,0,1.73,0,0,3,504.81,4,0.0,1.09,0,3,0
43,10,C10H4N2F2S2:C18BF15,-0.37388,1,0,12.71,0,0,0,0.72,0,0,3,766.29,4,-0.525,1.2,0,3,0
43,11,C10H4N2F2S2:BI3,-0.1563,1,0,12.71,0,0,0,2.71,0,0,3,645.81,4,0.0,0.97,0,3,0
43,12,C10H4N2F2S2:O2S,-0.0249,0,0,12.71,0,0,0,0.85,0,0,3,318.37,4,0.0,1.24,0,3,0
44,1,C17H10N2F2S3:AlCl3,-0.14844,0,0,11.07,0,1,0,1.89,0,2,3,509.83,10,0.0,1.1,0,3,0
44,2,C17H10N2F2S3:AlH3,-0.138,0,0,11.07,0,1,0,1.25,3,2,3,406.51,10,0.0,0.86,0,3,0
44,3,C17H10N2F2S3:C18F15Al,-0.16848,0,0,11.07,0,1,0,0.78,0,2,3,904.66,10,-0.525,1.19,0,3,0
44,4,C17H10N2F2S3:C3H9Al,-0.12788,0,0,11.07,0,1,0,0.79,9,2,3,448.6,10,-0.646,0.93,0,3,0
44,5,C17H10N2F2S3:C2H5AlCl2,-0.13548,0,0,11.07,0,1,0,1.02,5,2,3,503.45,10,-0.359,0.99,0,3,0
44,6,C17H10N2F2S3:BH3,-0.29888,1,0,11.07,0,0,0,0.72,3,2,3,390.34,10,0.0,0.91,0,3,0
44,7,C17H10N2F2S3:BF3,-0.268,1,0,11.07,0,0,0,0.67,0,2,3,444.31,10,0.0,1.3,0,3,0
44,8,C17H10N2F2S3:BCl3,-0.29854,1,0,11.07,0,0,0,1.36,0,2,3,493.66,10,0.0,1.16,0,3,0
44,9,C17H10N2F2S3:BBr3,-0.2687,1,0,11.07,0,0,0,1.73,0,2,3,627.01,10,0.0,1.09,0,3,0
44,10,C17H10N2F2S3:C18BF15,-0.37336,1,0,11.07,0,0,0,0.72,0,2,3,888.49,10,-0.525,1.2,0,3,0
44,11,C17H10N2F2S3:BI3,-0.17062,1,0,11.07,0,0,0,2.71,0,2,3,768.01,10,0.0,0.97,0,3,0
44,12,C17H10N2F2S3:O2S,-0.02672,0,0,11.07,0,0,0,0.85,0,2,3,440.57,10,0.0,1.24,0,3,0
45,2,C4H5N:AlH3,-0.11308,0,0,6.71,0,1,1,1.25,3,0,2,97.11,5,0.0,0.86,0,2,0
45,4,C4H5N:C3H9Al,-0.10308,0,0,6.71,0,1,1,0.79,9,0,2,139.2,5,-0.646,0.93,0,2,0
45,6,C4H5N:BH3,-0.29226,1,0,6.71,0,0,1,0.72,3,0,2,80.94,5,0.0,0.91,0,2,0
45,7,C4H5N:BF3,-0.18884,1,0,6.71,0,0,1,0.67,0,0,2,134.91,5,0.0,1.3,0,2,0
45,8,C4H5N:BCl3,-0.29762,1,0,6.71,0,0,1,1.36,0,0,2,184.26,5,0.0,1.16,0,2,0
45,9,C4H5N:BBr3,-0.2945,1,0,6.71,0,0,1,1.73,0,0,2,317.61,5,0.0,1.09,0,2,0
45,10,C4H5N:C18BF15,-0.34534,1,0,6.71,0,0,1,0.72,0,0,2,579.09,5,-0.525,1.2,0,2,0
45,11,C4H5N:BI3,-0.27086,1,0,6.71,0,0,1,2.71,0,0,2,458.61,5,0.0,0.97,0,2,0
46,1,C5H7N:AlCl3,-0.13912,0,0,6.24,0,1,1,1.89,0,0,5,214.46,7,0.0,1.1,0,2,0
46,2,C5H7N:AlH3,-0.1099,0,0,6.24,0,1,1,1.25,3,0,5,111.14,7,0.0,0.86,0,2,0
46,3,C5H7N:C18F15Al,-0.14164,0,0,6.24,0,1,1,0.78,0,0,5,609.29,7,-0.525,1.19,0,2,0
46,4,C5H7N:C3H9Al,-0.09026,0,0,6.24,0,1,1,0.79,9,0,5,153.23,7,-0.646,0.93,0,2,0
46,5,C5H7N:C2H5AlCl2,-0.12562,0,0,6.24,0,1,1,1.02,5,0,5,208.08,7,-0.359,0.99,0,2,0
46,6,C5H7N:BH3,-0.2806,1,0,6.24,0,0,1,0.72,3,0,5,94.97,7,0.0,0.91,0,2,0
46,7,C5H7N:BF3,-0.1981,1,0,6.24,0,0,1,0.67,0,0,5,148.94,7,0.0,1.3,0,2,0
46,8,C5H7N:BCl3,-0.28226,1,0,6.24,0,0,1,1.36,0,0,5,198.29,7,0.0,1.16,0,2,0
46,9,C5H7N:BBr3,-0.27586,1,0,6.24,0,0,1,1.73,0,0,5,331.64,7,0.0,1.09,0,2,0
46,11,C5H7N:BI3,-0.25222,1,0,6.24,0,0,1,2.71,0,0,5,472.64,7,0.0,0.97,0,2,0
47,1,C5H7N:AlCl3,-0.15092,0,0,6.24,0,1,0,1.89,0,0,2,214.46,7,0.0,1.1,0,0,0
47,2,C5H7N:AlH3,-0.1358,0,0,6.24,0,1,0,1.25,3,0,2,111.14,7,0.0,0.86,0,0,0
47,3,C5H7N:C18F15Al,-0.1589,0,0,6.24,0,1,0,0.78,0,0,2,609.29,7,-0.525,1.19,0,0,0
47,4,C5H7N:C3H9Al,-0.12482,0,0,6.24,0,1,0,0.79,9,0,2,153.23,7,-0.646,0.93,0,0,0
47,5,C5H7N:C2H5AlCl2,-0.13756,0,0,6.24,0,1,0,1.02,5,0,2,208.08,7,-0.359,0.99,0,0,0
47,6,C5H7N:BH3,-0.31618,1,0,6.24,0,0,0,0.72,3,0,2,94.97,7,0.0,0.91,0,0,0
47,7,C5H7N:BF3,-0.26432,1,0,6.24,0,0,0,0.67,0,0,2,148.94,7,0.0,1.3,0,0,0
47,8,C5H7N:BCl3,-0.30818,1,0,6.24,0,0,0,1.36,0,0,2,198.29,7,0.0,1.16,0,0,0
47,9,C5H7N:BBr3,-0.29994,1,0,6.24,0,0,0,1.73,0,0,2,331.64,7,0.0,1.09,0,0,0
47,10,C5H7N:C18BF15,-0.35104,1,0,6.24,0,0,0,0.72,0,0,2,593.12,7,-0.525,1.2,0,0,0
47,11,C5H7N:BI3,-0.27818,1,0,6.24,0,0,0,2.71,0,0,2,472.64,7,0.0,0.97,0,0,0
47,12,C5H7N:O2S,-0.1251,0,0,6.24,0,0,0,0.85,0,0,2,145.2,7,0.0,1.24,0,0,0
48,1,C6H9N:AlCl3,-0.1389,0,0,5.95,0,1,0,1.89,0,0,5,228.49,9,0.0,1.1,0,0,0
48,2,C6H9N:AlH3,-0.12176,0,0,5.95,0,1,0,1.25,3,0,5,125.17,9,0.0,0.86,0,0,0
48,3,C6H9N:C18F15Al,-0.14876,0,0,5.95,0,1,0,0.78,0,0,5,623.32,9,-0.525,1.19,0,0,0
48,4,C6H9N:C3H9Al,-0.11248,0,0,5.95,0,1,0,0.79,9,0,5,167.26,9,-0.646,0.93,0,0,0
48,5,C6H9N:C2H5AlCl2,-0.12606,0,0,5.95,0,1,0,1.02,5,0,5,222.11,9,-0.359,0.99,0,0,0
48,6,C6H9N:BH3,-0.30038,1,0,5.95,0,0,0,0.72,3,0,5,109.0,9,0.0,0.91,0,0,0
48,7,C6H9N:BF3,-0.258,1,0,5.95,0,0,0,0.67,0,0,5,162.97,9,0.0,1.3,0,0,0
48,8,C6H9N:BCl3,-0.28906,1,0,5.95,0,0,0,1.36,0,0,5,212.32,9,0.0,1.16,0,0,0
48,9,C6H9N:BBr3,-0.27952,1,0,5.95,0,0,0,1.73,0,0,5,345.67,9,0.0,1.09,0,0,0
48,10,C6H9N:C18BF15,-0.3393,1,0,5.95,0,0,0,0.72,0,0,5,607.15,9,-0.525,1.2,0,0,0
48,11,C6H9N:BI3,-0.25926,1,0,5.95,0,0,0,2.71,0,0,5,486.67,9,0.0,0.97,0,0,0
48,12,C6H9N:O2S,-0.16008,0,0,5.95,0,0,0,0.85,0,0,5,159.23,9,0.0,1.24,0,0,0
49,1,C6H9N:AlCl3,-0.14898,0,0,5.95,0,1,1,1.89,0,0,2,228.49,9,0.0,1.1,0,2,0
49,2,C6H9N:AlH3,-0.12524,0,0,5.95,0,1,1,1.25,3,0,2,125.17,9,0.0,0.86,0,2,0
49,3,C6H9N:C18F15Al,-0.15402,0,0,5.95,0,1,1,0.78,0,0,2,623.32,9,-0.525,1.19,0,2,0
49,4,C6H9N:C3H9Al,-0.10432,0,0,5.95,0,1,1,0.79,9,0,2,167.26,9,-0.646,0.93,0,2,0
49,5,C6H9N:C2H5AlCl2,-0.1378,0,0,5.95,0,1,1,1.02,5,0,2,222.11,9,-0.359,0.99,0,2,0
49,6,C6H9N:BH3,-0.30392,1,0,5.95,0,0,1,0.72,3,0,2,109.0,9,0.0,0.91,0,2,0
49,7,C6H9N:BF3,-0.2296,1,0,5.95,0,0,1,0.67,0,0,2,162.97,9,0.0,1.3,0,2,0
49,8,C6H9N:BCl3,-0.2971,1,0,5.95,0,0,1,1.36,0,0,2,212.32,9,0.0,1.16,0,2,0
49,9,C6H9N:BBr3,-0.29312,1,0,5.95,0,0,1,1.73,0,0,2,345.67,9,0.0,1.09,0,2,0
49,10,C6H9N:C18BF15,-0.34458,1,0,5.95,0,0,1,0.72,0,0,2,607.15,9,-0.525,1.2,0,2,0
49,11,C6H9N:BI3,-0.27014,1,0,5.95,0,0,1,2.71,0,0,2,486.67,9,0.0,0.97,0,2,0
50,1,C4H3NF2:AlCl3,-0.13104,0,0,10.31,0,1,1,1.89,0,0,2,236.41,3,0.0,1.1,0,2,0
50,2,C4H3NF2:AlH3,-0.11022,0,0,10.31,0,1,1,1.25,3,0,2,133.09,3,0.0,0.86,0,2,0
50,3,C4H3NF2:C18F15Al,-0.14378,0,0,10.31,0,1,1,0.78,0,0,2,631.24,3,-0.525,1.19,0,2,0
50,4,C4H3NF2:C3H9Al,-0.08894,0,0,10.31,0,1,1,0.79,9,0,2,175.18,3,-0.646,0.93,0,2,0
50,5,C4H3NF2:C2H5AlCl2,-0.12188,0,0,10.31,0,1,1,1.02,5,0,2,230.03,3,-0.359,0.99,0,2,0
50,6,C4H3NF2:BH3,-0.26972,1,0,10.31,0,0,1,0.72,3,0,2,116.92,3,0.0,0.91,0,2,0
50,7,C4H3NF2:BF3,-0.01534,1,0,10.31,0,0,1,0.67,0,0,2,170.89,3,0.0,1.3,0,2,0
50,8,C4H3NF2:BCl3,-0.0149,1,0,10.31,0,0,1,1.36,0,0,2,220.24,3,0.0,1.16,0,2,0
50,9,C4H3NF2:BBr3,-0.0164,1,0,10.31,0,0,1,1.73,0,0,2,353.59,3,0.0,1.09,0,2,0
50,10,C4H3NF2:C18BF15,-0.31982,1,0,10.31,0,0,1,0.72,0,0,2,615.07,3,-0.525,1.2,0,2,0
50,11,C4H3NF2:BI3,-0.0039,1,0,10.31,0,0,1,2.71,0,0,2,494.59,3,0.0,0.97,0,2,0
51,2,C7H11N:AlH3,-0.10998,0,0,5.75,0,1,1,1.25,3,0,5,139.2,11,0.0,0.86,0,2,0
51,3,C7H11N:C18F15Al,-0.14878,0,0,5.75,0,1,1,0.78,0,0,5,637.35,11,-0.525,1.19,0,2,0
51,4,C7H11N:C3H9Al,-0.09028,0,0,5.75,0,1,1,0.79,9,0,5,181.29,11,-0.646,0.93,0,2,0
51,5,C7H11N:C2H5AlCl2,-0.1177,0,0,5.75,0,1,1,1.02,5,0,5,236.14,11,-0.359,0.99,0,2,0
51,6,C7H11N:BH3,-0.28924,1,0,5.75,0,0,1,0.72,3,0,5,123.03,11,0.0,0.91,0,2,0
51,7,C7H11N:BF3,-0.22918,1,0,5.75,0,0,1,0.67,0,0,5,177.0,11,0.0,1.3,0,2,0
51,8,C7H11N:BCl3,-0.28098,1,0,5.75,0,0,1,1.36,0,0,5,226.35,11,0.0,1.16,0,2,0
51,9,C7H11N:BBr3,-0.27362,1,0,5.75,0,0,1,1.73,0,0,5,359.7,11,0.0,1.09,0,2,0
51,11,C7H11N:BI3,-0.25052,1,0,5.75,0,0,1,2.71,0,0,5,500.7,11,0.0,0.97,0,2,0
52,1,C5H5NF2:AlCl3,-0.12398,0,0,9.01,0,1,1,1.89,0,0,5,250.44,5,0.0,1.1,0,2,0
52,2,C5H5NF2:AlH3,-0.09898,0,0,9.01,0,1,1,1.25,3,0,5,147.12,5,0.0,0.86,0,2,0
52,3,C5H5NF2:C18F15Al,-0.13566,0,0,9.01,0,1,1,0.78,0,0,5,645.27,5,-0.525,1.19,0,2,0
52,4,C5H5NF2:C3H9Al,-0.07616,0,0,9.01,0,1,1,0.79,9,0,5,189.21,5,-0.646,0.93,0,2,0
52,5,C5H5NF2:C2H5AlCl2,-0.11006,0,0,9.01,0,1,1,1.02,5,0,5,244.06,5,-0.359,0.99,0,2,0
52,6,C5H5NF2:BH3,-0.25192,1,0,9.01,0,0,1,0.72,3,0,5,130.95,5,0.0,0.91,0,2,0
52,12,C5H5NF2:O2S,-0.12642,0,0,9.01,0,0,1,0.85,0,0,5,181.18,5,0.0,1.24,0,2,0
53,1,C7H11N:AlCl3,-0.16168,0,0,5.75,0,1,0,1.89,0,0,2,242.52,11,0.0,1.1,0,0,0
53,2,C7H11N:AlH3,-0.14604,0,0,5.75,0,1,0,1.25,3,0,2,139.2,11,0.0,0.86,0,0,0
53,3,C7H11N:C18F15Al,-0.15582,0,0,5.75,0,1,0,0.78,0,0,2,637.35,11,-0.525,1.19,0,0,0
53,4,C7H11N:C3H9Al,-0.1304,0,0,5.75,0,1,0,0.79,9,0,2,181.29,11,-0.646,0.93,0,0,0
53,5,C7H11N:C2H5AlCl2,-0.14708,0,0,5.75,0,1,0,1.02,5,0,2,236.14,11,-0.359,0.99,0,0,0
53,6,C7H11N:BH3,-0.31716,1,0,5.75,0,0,0,0.72,3,0,2,123.03,11,0.0,0.91,0,0,0
53,7,C7H11N:BF3,-0.26738,1,0,5.75,0,0,0,0.67,0,0,2,177.0,11,0.0,1.3,0,0,0
53,8,C7H11N:BCl3,-0.30816,1,0,5.75,0,0,0,1.36,0,0,2,226.35,11,0.0,1.16,0,0,0
53,9,C7H11N:BBr3,-0.30148,1,0,5.75,0,0,0,1.73,0,0,2,359.7,11,0.0,1.09,0,0,0
53,10,C7H11N:C18BF15,-0.35744,1,0,5.75,0,0,0,0.72,0,0,2,621.18,11,-0.525,1.2,0,0,0
53,11,C7H11N:BI3,-0.28476,1,0,5.75,0,0,0,2.71,0,0,2,500.7,11,0.0,0.97,0,0,0
53,12,C7H11N:O2S,-0.15554,0,0,5.75,0,0,0,0.85,0,0,2,173.26,11,0.0,1.24,0,0,0
54,1,C5H5NF2:AlCl3,-0.14554,0,0,9.01,0,1,0,1.89,0,0,2,250.44,5,0.0,1.1,0,0,0
54,2,C5H5NF2:AlH3,-0.12828,0,0,9.01,0,1,0,1.25,3,0,2,147.12,5,0.0,0.86,0,0,0
54,3,C5H5NF2:C18F15Al,-0.1553,0,0,9.01,0,1,0,0.78,0,0,2,645.27,5,-0.525,1.19,0,0,0
54,4,C5H5NF2:C3H9Al,-0.11604,0,0,9.01,0,1,0,0.79,9,0,2,189.21,5,-0.646,0.93,0,0,0
54,5,C5H5NF2:C2H5AlCl2,-0.13674,0,0,9.01,0,1,0,1.02,5,0,2,244.06,5,-0.359,0.99,0,0,0
54,6,C5H5NF2:BH3,-0.29168,1,0,9.01,0,0,0,0.72,3,0,2,130.95,5,0.0,0.91,0,0,0
54,7,C5H5NF2:BF3,-0.19046,1,0,9.01,0,0,0,0.67,0,0,2,184.92,5,0.0,1.3,0,0,0
54,8,C5H5NF2:BCl3,-0.27896,1,0,9.01,0,0,0,1.36,0,0,2,234.27,5,0.0,1.16,0,0,0
54,9,C5H5NF2:BBr3,-0.28016,1,0,9.01,0,0,0,1.73,0,0,2,367.62,5,0.0,1.09,0,0,0
54,10,C5H5NF2:C18BF15,-0.31808,1,0,9.01,0,0,0,0.72,0,0,2,629.1,5,-0.525,1.2,0,0,0
54,11,C5H5NF2:BI3,-0.25116,1,0,9.01,0,0,0,2.71,0,0,2,508.62,5,0.0,0.97,0,0,0
54,12,C5H5NF2:O2S,-0.09532,0,0,9.01,0,0,0,0.85,0,0,2,181.18,5,0.0,1.24,0,0,0
55,1,C8H13N:AlCl3,-0.14126,0,0,5.6,0,1,0,1.89,0,0,5,256.55,13,0.0,1.1,0,0,0
55,2,C8H13N:AlH3,-0.12648,0,0,5.6,0,1,0,1.25,3,0,5,153.23,13,0.0,0.86,0,0,0
55,3,C8H13N:C18F15Al,-0.15646,0,0,5.6,0,1,0,0.78,0,0,5,651.38,13,-0.525,1.19,0,0,0
55,4,C8H13N:C3H9Al,-0.11302,0,0,5.6,0,1,0,0.79,9,0,5,195.32,13,-0.646,0.93,0,0,0
55,5,C8H13N:C2H5AlCl2,-0.1265,0,0,5.6,0,1,0,1.02,5,0,5,250.17,13,-0.359,0.99,0,0,0
55,6,C8H13N:BH3,-0.31664,1,0,5.6,0,0,0,0.72,3,0,5,137.06,13,0.0,0.91,0,0,0
55,7,C8H13N:BF3,-0.25744,1,0,5.6,0,0,0,0.67,0,0,5,191.03,13,0.0,1.3,0,0,0
55,8,C8H13N:BCl3,-0.28576,1,0,5.6,0,0,0,1.36,0,0,5,240.38,13,0.0,1.16,0,0,0
55,9,C8H13N:BBr3,-0.27502,1,0,5.6,0,0,0,1.73,0,0,5,373.73,13,0.0,1.09,0,0,0
55,10,C8H13N:C18BF15,-0.3334,1,0,5.6,0,0,0,0.72,0,0,5,635.21,13,-0.525,1.2,0,0,0
55,11,C8H13N:BI3,-0.2521,1,0,5.6,0,0,0,2.71,0,0,5,514.73,13,0.0,0.97,0,0,0
55,12,C8H13N:O2S,-0.17714,0,0,5.6,0,0,0,0.85,0,0,5,187.29,13,0.0,1.24,0,0,0
56,1,C6H7NF2:AlCl3,-0.137,0,0,8.2,0,1,0,1.89,0,0,5,264.47,7,0.0,1.1,0,0,0
56,2,C6H7NF2:AlH3,-0.11772,0,0,8.2,0,1,0,1.25,3,0,5,161.15,7,0.0,0.86,0,0,0
56,3,C6H7NF2:C18F15Al,-0.1502,0,0,8.2,0,1,0,0.78,0,0,5,659.3,7,-0.525,1.19,0,0,0
56,4,C6H7NF2:C3H9Al,-0.10584,0,0,8.2,0,1,0,0.79,9,0,5,203.24,7,-0.646,0.93,0,0,0
56,5,C6H7NF2:C2H5AlCl2,-0.12202,0,0,8.2,0,1,0,1.02,5,0,5,258.09,7,-0.359,0.99,0,0,0
56,6,C6H7NF2:BH3,-0.28148,1,0,8.2,0,0,0,0.72,3,0,5,144.98,7,0.0,0.91,0,0,0
56,7,C6H7NF2:BF3,-0.21246,1,0,8.2,0,0,0,0.67,0,0,5,198.95,7,0.0,1.3,0,0,0
56,8,C6H7NF2:BCl3,-0.26702,1,0,8.2,0,0,0,1.36,0,0,5,248.3,7,0.0,1.16,0,0,0
56,9,C6H7NF2:BBr3,-0.26898,1,0,8.2,0,0,0,1.73,0,0,5,381.65,7,0.0,1.09,0,0,0
56,11,C6H7NF2:BI3,-0.2425,1,0,8.2,0,0,0,2.71,0,0,5,522.65,7,0.0,0.97,0,0,0
56,12,C6H7NF2:O2S,-0.10692,0,0,8.2,0,0,0,0.85,0,0,5,195.21,7,0.0,1.24,0,0,0
57,1,C9H4N2O:AlCl3,-0.15466,0,1,9.76,0,1,0,1.89,0,0,4,289.48,4,0.0,1.1,0,0,0
57,2,C9H4N2O:AlH3,-0.13268,0,1,9.76,0,1,0,1.25,3,0,4,186.16,4,0.0,0.86,0,0,0
57,3,C9H4N2O:C18F15Al,-0.16666,0,1,9.76,0,1,0,0.78,0,0,4,684.31,4,-0.525,1.19,0,0,0
57,4,C9H4N2O:C3H9Al,-0.12626,0,1,9.76,0,1,0,0.79,9,0,4,228.25,4,-0.646,0.93,0,0,0
57,5,C9H4N2O:C2H5AlCl2,-0.14608,0,1,9.76,0,1,0,1.02,5,0,4,283.1,4,-0.359,0.99,0,0,0
57,6,C9H4N2O:BH3,-0.25836,1,1,9.76,0,0,0,0.72,3,0,4,169.99,4,0.0,0.91,0,0,0
57,7,C9H4N2O:BF3,-0.15674,1,1,9.76,0,0,0,0.67,0,0,4,223.96,4,0.0,1.3,0,0,0
57,8,C9H4N2O:BCl3,-0.30432,1,1,9.76,0,0,0,1.36,0,0,4,273.31,4,0.0,1.16,0,0,0
57,9,C9H4N2O:BBr3,-0.27726,1,1,9.76,0,0,0,1.73,0,0,4,406.66,4,0.0,1.09,0,0,0
57,10,C9H4N2O:C18BF15,-0.35798,1,1,9.76,0,0,0,0.72,0,0,4,668.14,4,-0.525,1.2,0,0,0
57,11,C9H4N2O:BI3,-0.19434,1,1,9.76,0,0,0,2.71,0,0,4,547.66,4,0.0,0.97,0,0,0
57,12,C9H4N2O:O2S,0.0031,0,1,9.76,0,0,0,0.85,0,0,4,220.22,4,0.0,1.24,0,0,0
58,1,C10H6N2O:AlCl3,-0.1587,0,1,8.96,0,1,0,1.89,0,0,3,303.51,6,0.0,1.1,0,0,0
58,2,C10H6N2O:AlH3,-0.1381,0,1,8.96,0,1,0,1.25,3,0,3,200.19,6,0.0,0.86,0,0,0
58,3,C10H6N2O:C18F15Al,-0.17234,0,1,8.96,0,1,0,0.78,0,0,3,698.34,6,-0.525,1.19,0,0,0
58,4,C10H6N2O:C3H9Al,-0.13196,0,1,8.96,0,1,0,0.79,9,0,3,242.28,6,-0.646,0.93,0,0,0
58,5,C10H6N2O:C2H5AlCl2,-0.15012,0,1,8.96,0,1,0,1.02,5,0,3,297.13,6,-0.359,0.99,0,0,0
58,6,C10H6N2O:BH3,-0.2665,1,1,8.96,0,0,0,0.72,3,0,3,184.02,6,0.0,0.91,0,0,0
58,7,C10H6N2O:BF3,-0.19036,1,1,8.96,0,0,0,0.67,0,0,3,237.99,6,0.0,1.3,0,0,0
58,8,C10H6N2O:BCl3,-0.31126,1,1,8.96,0,0,0,1.36,0,0,3,287.34,6,0.0,1.16,0,0,0
58,9,C10H6N2O:BBr3,-0.28542,1,1,8.96,0,0,0,1.73,0,0,3,420.69,6,0.0,1.09,0,0,0
58,10,C10H6N2O:C18BF15,-0.36096,1,1,8.96,0,0,0,0.72,0,0,3,682.17,6,-0.525,1.2,0,0,0
58,11,C10H6N2O:BI3,-0.20688,1,1,8.96,0,0,0,2.71,0,0,3,561.69,6,0.0,0.97,0,0,0
58,12,C10H6N2O:O2S,0.00034,0,1,8.96,0,0,0,0.85,0,0,3,234.25,6,0.0,1.24,0,0,0
59,1,C9H3N2OF:AlCl3,-0.15368,0,1,10.88,0,1,0,1.89,0,0,3,307.47,3,0.0,1.1,0,0,1
59,2,C9H3N2OF:AlH3,-0.1324,0,1,10.88,0,1,0,1.25,3,0,3,204.15,3,0.0,0.86,0,0,1
59,3,C9H3N2OF:C18F15Al,-0.16662,0,1,10.88,0,1,0,0.78,0,0,3,702.3,3,-0.525,1.19,0,0,1
59,4,C9H3N2OF:C3H9Al,-0.12582,0,1,10.88,0,1,0,0.79,9,0,3,246.24,3,-0.646,0.93,0,0,1
59,5,C9H3N2OF:C2H5AlCl2,-0.14458,0,1,10.88,0,1,0,1.02,5,0,3,301.09,3,-0.359,0.99,0,0,1
59,6,C9H3N2OF:BH3,-0.25814,1,1,10.88,0,0,0,0.72,3,0,3,187.98,3,0.0,0.91,0,0,1
59,7,C9H3N2OF:BF3,-0.1214,1,1,10.88,0,0,0,0.67,0,0,3,241.95,3,0.0,1.3,0,0,1
59,8,C9H3N2OF:BCl3,-0.30328,1,1,10.88,0,0,0,1.36,0,0,3,291.3,3,0.0,1.16,0,0,1
59,9,C9H3N2OF:BBr3,-0.27592,1,1,10.88,0,0,0,1.73,0,0,3,424.65,3,0.0,1.09,0,0,1
59,10,C9H3N2OF:C18BF15,-0.36352,1,1,10.88,0,0,0,0.72,0,0,3,686.13,3,-0.525,1.2,0,0,1
59,11,C9H3N2OF:BI3,-0.18616,1,1,10.88,0,0,0,2.71,0,0,3,565.65,3,0.0,0.97,0,0,1
59,12,C9H3N2OF:O2S,0.00386,0,1,10.88,0,0,0,0.85,0,0,3,238.21,3,0.0,1.24,0,0,1
60,1,C9H2N2OF2:AlCl3,-0.14756,0,1,12.01,0,1,0,1.89,0,0,2,325.46,2,0.0,1.1,0,0,2
60,2,C9H2N2OF2:AlH3,-0.124,0,1,12.01,0,1,0,1.25,3,0,2,222.14,2,0.0,0.86,0,0,2
60,3,C9H2N2OF2:C18F15Al,-0.16848,0,1,12.01,0,1,0,0.78,0,0,2,720.29,2,-0.525,1.19,0,0,2
60,4,C9H2N2OF2:C3H9Al,-0.11712,0,1,12.01,0,1,0,0.79,9,0,2,264.23,2,-0.646,0.93,0,0,2
60,5,C9H2N2OF2:C2H5AlCl2,-0.14316,0,1,12.01,0,1,0,1.02,5,0,2,319.08,2,-0.359,0.99,0,0,2
60,6,C9H2N2OF2:BH3,-0.24548,1,1,12.01,0,0,0,0.72,3,0,2,205.97,2,0.0,0.91,0,0,2
60,7,C9H2N2OF2:BF3,-0.12222,1,1,12.01,0,0,0,0.67,0,0,2,259.94,2,0.0,1.3,0,0,2
60,8,C9H2N2OF2:BCl3,-0.29086,1,1,12.01,0,0,0,1.36,0,0,2,309.29,2,0.0,1.16,0,0,2
60,9,C9H2N2OF2:BBr3,-0.26066,1,1,12.01,0,0,0,1.73,0,0,2,442.64,2,0.0,1.09,0,0,2
60,10,C9H2N2OF2:C18BF15,-0.33522,1,1,12.01,0,0,0,0.72,0,0,2,704.12,2,-0.525,1.2,0,0,2
60,11,C9H2N2OF2:BI3,-0.16022,1,1,12.01,0,0,0,2.71,0,0,2,583.64,2,0.0,0.97,0,0,2
60,12,C9H2N2OF2:O2S,-6e-05,0,1,12.01,0,0,0,0.85,0,0,2,256.2,2,0.0,1.24,0,0,2
61,1,C9H2N2OCl2:AlCl3,-0.15044,0,1,14.06,0,1,0,1.89,0,0,2,358.36,2,0.0,1.1,0,0,2
61,2,C9H2N2OCl2:AlH3,-0.12546,0,1,14.06,0,1,0,1.25,3,0,2,255.04,2,0.0,0.86,0,0,2
61,3,C9H2N2OCl2:C18F15Al,-0.1576,0,1,14.06,0,1,0,0.78,0,0,2,753.19,2,-0.525,1.19,0,0,2
61,4,C9H2N2OCl2:C3H9Al,-0.11686,0,1,14.06,0,1,0,0.79,9,0,2,297.13,2,-0.646,0.93,0,0,2
61,5,C9H2N2OCl2:C2H5AlCl2,-0.14166,0,1,14.06,0,1,0,1.02,5,0,2,351.98,2,-0.359,0.99,0,0,2
61,6,C9H2N2OCl2:BH3,-0.2475,1,1,14.06,0,0,0,0.72,3,0,2,238.87,2,0.0,0.91,0,0,2
61,7,C9H2N2OCl2:BF3,-0.14576,1,1,14.06,0,0,0,0.67,0,0,2,292.84,2,0.0,1.3,0,0,2
61,8,C9H2N2OCl2:BCl3,-0.29638,1,1,14.06,0,0,0,1.36,0,0,2,342.19,2,0.0,1.16,0,0,2
61,9,C9H2N2OCl2:BBr3,-0.26538,1,1,14.06,0,0,0,1.73,0,0,2,475.54,2,0.0,1.09,0,0,2
61,10,C9H2N2OCl2:C18BF15,-0.36012,1,1,14.06,0,0,0,0.72,0,0,2,737.02,2,-0.525,1.2,0,0,2
61,11,C9H2N2OCl2:BI3,-0.16688,1,1,14.06,0,0,0,2.71,0,0,2,616.54,2,0.0,0.97,0,0,2
61,12,C9H2N2OCl2:O2S,0.00124,0,1,14.06,0,0,0,0.85,0,0,2,289.1,2,0.0,1.24,0,0,2
62,1,C11H4N2OS:AlCl3,-0.1555,0,1,11.17,0,1,0,1.89,0,1,3,345.57,4,0.0,1.1,0,1,0
62,2,C11H4N2OS:AlH3,-0.13488,0,1,11.17,0,1,0,1.25,3,1,3,242.25,4,0.0,0.86,0,1,0
62,3,C11H4N2OS:C18F15Al,-0.16944,0,1,11.17,0,1,0,0.78,0,1,3,740.4,4,-0.525,1.19,0,1,0
62,4,C11H4N2OS:C3H9Al,-0.1316,0,1,11.17,0,1,0,0.79,9,1,3,284.34,4,-0.646,0.93,0,1,0
62,5,C11H4N2OS:C2H5AlCl2,-0.15166,0,1,11.17,0,1,0,1.02,5,1,3,339.19,4,-0.359,0.99,0,1,0
62,6,C11H4N2OS:BH3,-0.27072,1,1,11.17,0,0,0,0.72,3,1,3,226.08,4,0.0,0.91,0,1,0
62,7,C11H4N2OS:BF3,-0.20934,1,1,11.17,0,0,0,0.67,0,1,3,280.05,4,0.0,1.3,0,1,0
62,8,C11H4N2OS:BCl3,-0.31166,1,1,11.17,0,0,0,1.36,0,1,3,329.4,4,0.0,1.16,0,1,0
62,9,C11H4N2OS:BBr3,-0.28672,1,1,11.17,0,0,0,1.73,0,1,3,462.75,4,0.0,1.09,0,1,0
62,10,C11H4N2OS:C18BF15,-0.35398,1,1,11.17,0,0,0,0.72,0,1,3,724.23,4,-0.525,1.2,0,1,0
62,11,C11H4N2OS:BI3,-0.2081,1,1,11.17,0,0,0,2.71,0,1,3,603.75,4,0.0,0.97,0,1,0
62,12,C11H4N2OS:O2S,-0.00086,0,1,11.17,0,0,0,0.85,0,1,3,276.31,4,0.0,1.24,0,1,0
63,1,C13H6N2O:AlCl3,-0.15562,0,1,9.37,0,1,0,1.89,0,0,6,339.54,6,0.0,1.1,0,4,0
63,2,C13H6N2O:AlH3,-0.13504,0,1,9.37,0,1,0,1.25,3,0,6,236.22,6,0.0,0.86,0,4,0
63,3,C13H6N2O:C18F15Al,-0.14224,0,1,9.37,0,1,0,0.78,0,0,6,734.37,6,-0.525,1.19,0,4,0
63,4,C13H6N2O:C3H9Al,-0.13048,0,1,9.37,0,1,0,0.79,9,0,6,278.31,6,-0.646,0.93,0,4,0
63,5,C13H6N2O:C2H5AlCl2,-0.14822,0,1,9.37,0,1,0,1.02,5,0,6,333.16,6,-0.359,0.99,0,4,0
63,6,C13H6N2O:BH3,-0.26786,1,1,9.37,0,0,0,0.72,3,0,6,220.05,6,0.0,0.91,0,4,0
63,7,C13H6N2O:BF3,-0.20514,1,1,9.37,0,0,0,0.67,0,0,6,274.02,6,0.0,1.3,0,4,0
63,8,C13H6N2O:BCl3,-0.30602,1,1,9.37,0,0,0,1.36,0,0,6,323.37,6,0.0,1.16,0,4,0
63,9,C13H6N2O:BBr3,-0.27994,1,1,9.37,0,0,0,1.73,0,0,6,456.72,6,0.0,1.09,0,4,0
63,10,C13H6N2O:C18BF15,-0.35336,1,1,9.37,0,0,0,0.72,0,0,6,718.2,6,-0.525,1.2,0,4,0
63,11,C13H6N2O:BI3,-0.21264,1,1,9.37,0,0,0,2.71,0,0,6,597.72,6,0.0,0.97,0,4,0
63,12,C13H6N2O:O2S,0.00012,0,1,9.37,0,0,0,0.85,0,0,6,270.28,6,0.0,1.24,0,4,0
64,1,C14H8N2O:AlCl3,-0.1579,0,1,8.81,0,1,0,1.89,0,0,5,353.57,8,0.0,1.1,0,3,0
64,2,C14H8N2O:AlH3,-0.1377,0,1,8.81,0,1,0,1.25,3,0,5,250.25,8,0.0,0.86,0,3,0
64,3,C14H8N2O:C18F15Al,-0.16208,0,1,8.81,0,1,0,0.78,0,0,5,748.4,8,-0.525,1.19,0,3,0
64,4,C14H8N2O:C3H9Al,-0.13134,0,1,8.81,0,1,0,0.79,9,0,5,292.34,8,-0.646,0.93,0,3,0
64,5,C14H8N2O:C2H5AlCl2,-0.15024,0,1,8.81,0,1,0,1.02,5,0,5,347.19,8,-0.359,0.99,0,3,0
64,6,C14H8N2O:BH3,-0.27192,1,1,8.81,0,0,0,0.72,3,0,5,234.08,8,0.0,0.91,0,3,0
64,7,C14H8N2O:BF3,-0.21342,1,1,8.81,0,0,0,0.67,0,0,5,288.05,8,0.0,1.3,0,3,0
64,8,C14H8N2O:BCl3,-0.30968,1,1,8.81,0,0,0,1.36,0,0,5,337.4,8,0.0,1.16,0,3,0
64,9,C14H8N2O:BBr3,-0.28488,1,1,8.81,0,0,0,1.73,0,0,5,470.75,8,0.0,1.09,0,3,0
64,10,C14H8N2O:C18BF15,-0.35446,1,1,8.81,0,0,0,0.72,0,0,5,732.23,8,-0.525,1.2,0,3,0
64,11,C14H8N2O:BI3,-0.21918,1,1,8.81,0,0,0,2.71,0,0,5,611.75,8,0.0,0.97,0,3,0
64,12,C14H8N2O:O2S,-0.00078,0,1,8.81,0,0,0,0.85,0,0,5,284.31,8,0.0,1.24,0,3,0
65,1,C13H5N2OF:AlCl3,-0.15468,0,1,10.19,0,1,0,1.89,0,0,5,357.53,5,0.0,1.1,0,3,0
65,2,C13H5N2OF:AlH3,-0.1338,0,1,10.19,0,1,0,1.25,3,0,5,254.21,5,0.0,0.86,0,3,0
65,3,C13H5N2OF:C18F15Al,-0.1591,0,1,10.19,0,1,0,0.78,0,0,5,752.36,5,-0.525,1.19,0,3,0
65,4,C13H5N2OF:C3H9Al,-0.12978,0,1,10.19,0,1,0,0.79,9,0,5,296.3,5,-0.646,0.93,0,3,0
65,5,C13H5N2OF:C2H5AlCl2,-0.14676,0,1,10.19,0,1,0,1.02,5,0,5,351.15,5,-0.359,0.99,0,3,0
65,6,C13H5N2OF:BH3,-0.26716,1,1,10.19,0,0,0,0.72,3,0,5,238.04,5,0.0,0.91,0,3,0
65,7,C13H5N2OF:BF3,-0.20368,1,1,10.19,0,0,0,0.67,0,0,5,292.01,5,0.0,1.3,0,3,0
65,8,C13H5N2OF:BCl3,-0.30464,1,1,10.19,0,0,0,1.36,0,0,5,341.36,5,0.0,1.16,0,3,0
65,9,C13H5N2OF:BBr3,-0.27886,1,1,10.19,0,0,0,1.73,0,0,5,474.71,5,0.0,1.09,0,3,0
65,10,C13H5N2OF:C18BF15,-0.35118,1,1,10.19,0,0,0,0.72,0,0,5,736.19,5,-0.525,1.2,0,3,0
65,11,C13H5N2OF:BI3,-0.20716,1,1,10.19,0,0,0,2.71,0,0,5,615.71,5,0.0,0.97,0,3,0
65,12,C13H5N2OF:O2S,0.00114,0,1,10.19,0,0,0,0.85,0,0,5,288.27,5,0.0,1.24,0,3,0
66,1,C13H4N2OF2:AlCl3,-0.151,0,1,11.01,0,1,0,1.89,0,0,4,375.52,4,0.0,1.1,0,2,0
66,2,C13H4N2OF2:AlH3,-0.13,0,1,11.01,0,1,0,1.25,3,0,4,272.2,4,0.0,0.86,0,2,0
66,3,C13H4N2OF2:C18F15Al,-0.1396,0,1,11.01,0,1,0,0.78,0,0,4,770.35,4,-0.525,1.19,0,2,0
66,4,C13H4N2OF2:C3H9Al,-0.12438,0,1,11.01,0,1,0,0.79,9,0,4,314.29,4,-0.646,0.93,0,2,0
66,5,C13H4N2OF2:C2H5AlCl2,-0.143,0,1,11.01,0,1,0,1.02,5,0,4,369.14,4,-0.359,0.99,0,2,0
66,6,C13H4N2OF2:BH3,-0.2597,1,1,11.01,0,0,0,0.72,3,0,4,256.03,4,0.0,0.91,0,2,0
66,7,C13H4N2OF2:BF3,-0.18604,1,1,11.01,0,0,0,0.67,0,0,4,310.0,4,0.0,1.3,0,2,0
66,8,C13H4N2OF2:BCl3,-0.2974,1,1,11.01,0,0,0,1.36,0,0,4,359.35,4,0.0,1.16,0,2,0
66,9,C13H4N2OF2:BBr3,-0.26852,1,1,11.01,0,0,0,1.73,0,0,4,492.7,4,0.0,1.09,0,2,0
66,10,C13H4N2OF2:C18BF15,-0.35282,1,1,11.01,0,0,0,0.72,0,0,4,754.18,4,-0.525,1.2,0,2,0
66,11,C13H4N2OF2:BI3,-0.19424,1,1,11.01,0,0,0,2.71,0,0,4,633.7,4,0.0,0.97,0,2,0
66,12,C13H4N2OF2:O2S,0.00806,0,1,11.01,0,0,0,0.85,0,0,4,306.26,4,0.0,1.24,0,2,0
67,1,C13H4N2OCl2:AlCl3,-0.15284,0,1,12.5,0,1,0,1.89,0,0,4,408.42,4,0.0,1.1,0,2,0
67,2,C13H4N2OCl2:AlH3,-0.12942,0,1,12.5,0,1,0,1.25,3,0,4,305.1,4,0.0,0.86,0,2,0
67,3,C13H4N2OCl2:C18F15Al,-0.1378,0,1,12.5,0,1,0,0.78,0,0,4,803.25,4,-0.525,1.19,0,2,0
67,4,C13H4N2OCl2:C3H9Al,-0.1226,0,1,12.5,0,1,0,0.79,9,0,4,347.19,4,-0.646,0.93,0,2,0
67,5,C13H4N2OCl2:C2H5AlCl2,-0.14448,0,1,12.5,0,1,0,1.02,5,0,4,402.04,4,-0.359,0.99,0,2,0
67,6,C13H4N2OCl2:BH3,-0.2587,1,1,12.5,0,0,0,0.72,3,0,4,288.93,4,0.0,0.91,0,2,0
67,7,C13H4N2OCl2:BF3,-0.18572,1,1,12.5,0,0,0,0.67,0,0,4,342.9,4,0.0,1.3,0,2,0
67,8,C13H4N2OCl2:BCl3,-0.29874,1,1,12.5,0,0,0,1.36,0,0,4,392.25,4,0.0,1.16,0,2,0
67,9,C13H4N2OCl2:BBr3,-0.27834,1,1,12.5,0,0,0,1.73,0,0,4,525.6,4,0.0,1.09,0,2,0
67,10,C13H4N2OCl2:C18BF15,-0.3401,1,1,12.5,0,0,0,0.72,0,0,4,787.08,4,-0.525,1.2,0,2,0
67,11,C13H4N2OCl2:BI3,-0.19476,1,1,12.5,0,0,0,2.71,0,0,4,666.6,4,0.0,0.97,0,2,0
67,12,C13H4N2OCl2:O2S,0.00354,0,1,12.5,0,0,0,0.85,0,0,4,339.16,4,0.0,1.24,0,2,0
68,1,C9H7NO:AlCl3,-0.13906,0,1,8.06,0,1,0,1.89,0,0,6,278.5,7,0.0,1.1,0,4,0
68,2,C9H7NO:AlH3,-0.11892,0,1,8.06,0,1,0,1.25,3,0,6,175.18,7,0.0,0.86,0,4,0
68,3,C9H7NO:C18F15Al,-0.13718,0,1,8.06,0,1,0,0.78,0,0,6,673.33,7,-0.525,1.19,0,4,0
68,4,C9H7NO:C3H9Al,-0.10048,0,1,8.06,0,1,0,0.79,9,0,6,217.27,7,-0.646,0.93,0,4,0
68,5,C9H7NO:C2H5AlCl2,-0.1287,0,1,8.06,0,1,0,1.02,5,0,6,272.12,7,-0.359,0.99,0,4,0
68,6,C9H7NO:BH3,-0.2864,1,1,8.06,0,0,0,0.72,3,0,6,159.01,7,0.0,0.91,0,4,0
68,7,C9H7NO:BF3,-0.21148,1,1,8.06,0,0,0,0.67,0,0,6,212.98,7,0.0,1.3,0,4,0
68,8,C9H7NO:BCl3,-0.28152,1,1,8.06,0,0,0,1.36,0,0,6,262.33,7,0.0,1.16,0,4,0
68,9,C9H7NO:BBr3,-0.27146,1,1,8.06,0,0,0,1.73,0,0,6,395.68,7,0.0,1.09,0,4,0
68,10,C9H7NO:C18BF15,-0.32594,1,1,8.06,0,0,0,0.72,0,0,6,657.16,7,-0.525,1.2,0,4,0
68,11,C9H7NO:BI3,-0.24324,1,1,8.06,0,0,0,2.71,0,0,6,536.68,7,0.0,0.97,0,4,0
68,12,C9H7NO:O2S,-0.04564,0,1,8.06,0,0,0,0.85,0,0,6,209.24,7,0.0,1.24,0,4,0
69,1,C10H9NO:AlCl3,-0.12416,0,1,7.58,0,1,0,1.89,0,0,9,292.53,9,0.0,1.1,0,4,0
69,2,C10H9NO:AlH3,-0.10052,0,1,7.58,0,1,0,1.25,3,0,9,189.21,9,0.0,0.86,0,4,0
69,3,C10H9NO:C18F15Al,-0.1095,0,1,7.58,0,1,0,0.78,0,0,9,687.36,9,-0.525,1.19,0,4,0
69,4,C10H9NO:C3H9Al,-0.08118,0,1,7.58,0,1,0,0.79,9,0,9,231.3,9,-0.646,0.93,0,4,0
69,5,C10H9NO:C2H5AlCl2,-0.10934,0,1,7.58,0,1,0,1.02,5,0,9,286.15,9,-0.359,0.99,0,4,0
69,6,C10H9NO:BH3,-0.26662,1,1,7.58,0,0,0,0.72,3,0,9,173.04,9,0.0,0.91,0,4,0
69,7,C10H9NO:BF3,-0.20746,1,1,7.58,0,0,0,0.67,0,0,9,227.01,9,0.0,1.3,0,4,0
69,8,C10H9NO:BCl3,-0.26022,1,1,7.58,0,0,0,1.36,0,0,9,276.36,9,0.0,1.16,0,4,0
69,9,C10H9NO:BBr3,-0.24884,1,1,7.58,0,0,0,1.73,0,0,9,409.71,9,0.0,1.09,0,4,0
69,10,C10H9NO:C18BF15,-0.2892,1,1,7.58,0,0,0,0.72,0,0,9,671.19,9,-0.525,1.2,0,4,0
69,11,C10H9NO:BI3,-0.21384,1,1,7.58,0,0,0,2.71,0,0,9,550.71,9,0.0,0.97,0,4,0
69,12,C10H9NO:O2S,-0.05754,0,1,7.58,0,0,0,0.85,0,0,9,223.27,9,0.0,1.24,0,4,0
70,1,C9H6NOF:AlCl3,-0.13688,0,1,9.06,0,1,0,1.89,0,0,5,296.49,6,0.0,1.1,0,3,0
70,2,C9H6NOF:AlH3,-0.116,0,1,9.06,0,1,0,1.25,3,0,5,193.17,6,0.0,0.86,0,3,0
70,3,C9H6NOF:C18F15Al,-0.13362,0,1,9.06,0,1,0,0.78,0,0,5,691.32,6,-0.525,1.19,0,3,0
70,4,C9H6NOF:C3H9Al,-0.09708,0,1,9.06,0,1,0,0.79,9,0,5,235.26,6,-0.646,0.93,0,3,0
70,5,C9H6NOF:C2H5AlCl2,-0.12002,0,1,9.06,0,1,0,1.02,5,0,5,290.11,6,-0.359,0.99,0,3,0
70,6,C9H6NOF:BH3,-0.28294,1,1,9.06,0,0,0,0.72,3,0,5,177.0,6,0.0,0.91,0,3,0
70,7,C9H6NOF:BF3,-0.20068,1,1,9.06,0,0,0,0.67,0,0,5,230.97,6,0.0,1.3,0,3,0
70,8,C9H6NOF:BCl3,-0.27712,1,1,9.06,0,0,0,1.36,0,0,5,280.32,6,0.0,1.16,0,3,0
70,9,C9H6NOF:BBr3,-0.26876,1,1,9.06,0,0,0,1.73,0,0,5,413.67,6,0.0,1.09,0,3,0
70,10,C9H6NOF:C18BF15,-0.32092,1,1,9.06,0,0,0,0.72,0,0,5,675.15,6,-0.525,1.2,0,3,0
70,11,C9H6NOF:BI3,-0.2376,1,1,9.06,0,0,0,2.71,0,0,5,554.67,6,0.0,0.97,0,3,0
71,1,C10H8NOF:AlCl3,-0.12184,0,1,8.44,0,1,0,1.89,0,0,8,310.52,8,0.0,1.1,0,3,0
71,2,C10H8NOF:AlH3,-0.09774,0,1,8.44,0,1,0,1.25,3,0,8,207.2,8,0.0,0.86,0,3,0
71,3,C10H8NOF:C18F15Al,-0.12482,0,1,8.44,0,1,0,0.78,0,0,8,705.35,8,-0.525,1.19,0,3,0
71,4,C10H8NOF:C3H9Al,-0.07766,0,1,8.44,0,1,0,0.79,9,0,8,249.29,8,-0.646,0.93,0,3,0
71,5,C10H8NOF:C2H5AlCl2,-0.10696,0,1,8.44,0,1,0,1.02,5,0,8,304.14,8,-0.359,0.99,0,3,0
71,6,C10H8NOF:BH3,-0.26324,1,1,8.44,0,0,0,0.72,3,0,8,191.03,8,0.0,0.91,0,3,0
71,7,C10H8NOF:BF3,-0.19852,1,1,8.44,0,0,0,0.67,0,0,8,245.0,8,0.0,1.3,0,3,0
71,8,C10H8NOF:BCl3,-0.25636,1,1,8.44,0,0,0,1.36,0,0,8,294.35,8,0.0,1.16,0,3,0
71,9,C10H8NOF:BBr3,-0.24582,1,1,8.44,0,0,0,1.73,0,0,8,427.7,8,0.0,1.09,0,3,0
71,11,C10H8NOF:BI3,-0.20712,1,1,8.44,0,0,0,2.71,0,0,8,568.7,8,0.0,0.97,0,3,0
71,12,C10H8NOF:O2S,-0.05198,0,1,8.44,0,0,0,0.85,0,0,8,241.26,8,0.0,1.24,0,3,0
72,1,C9H5NOF2:AlCl3,-0.13606,0,1,10.06,0,1,0,1.89,0,0,4,314.48,5,0.0,1.1,0,2,0
72,2,C9H5NOF2:AlH3,-0.11554,0,1,10.06,0,1,0,1.25,3,0,4,211.16,5,0.0,0.86,0,2,0
72,3,C9H5NOF2:C18F15Al,-0.1158,0,1,10.06,0,1,0,0.78,0,0,4,709.31,5,-0.525,1.19,0,2,0
72,4,C9H5NOF2:C3H9Al,-0.09714,0,1,10.06,0,1,0,0.79,9,0,4,253.25,5,-0.646,0.93,0,2,0
72,5,C9H5NOF2:C2H5AlCl2,-0.12248,0,1,10.06,0,1,0,1.02,5,0,4,308.1,5,-0.359,0.99,0,2,0
72,6,C9H5NOF2:BH3,-0.28342,1,1,10.06,0,0,0,0.72,3,0,4,194.99,5,0.0,0.91,0,2,0
72,7,C9H5NOF2:BF3,-0.20256,1,1,10.06,0,0,0,0.67,0,0,4,248.96,5,0.0,1.3,0,2,0
72,8,C9H5NOF2:BCl3,-0.27622,1,1,10.06,0,0,0,1.36,0,0,4,298.31,5,0.0,1.16,0,2,0
72,9,C9H5NOF2:BBr3,-0.26658,1,1,10.06,0,0,0,1.73,0,0,4,431.66,5,0.0,1.09,0,2,0
72,10,C9H5NOF2:C18BF15,-0.30452,1,1,10.06,0,0,0,0.72,0,0,4,693.14,5,-0.525,1.2,0,2,0
72,11,C9H5NOF2:BI3,-0.23178,1,1,10.06,0,0,0,2.71,0,0,4,572.66,5,0.0,0.97,0,2,0
73,1,C10H7NOF2:AlCl3,-0.12106,0,1,9.29,0,1,0,1.89,0,0,7,328.51,7,0.0,1.1,0,2,0
73,2,C10H7NOF2:AlH3,-0.09744,0,1,9.29,0,1,0,1.25,3,0,7,225.19,7,0.0,0.86,0,2,0
73,3,C10H7NOF2:C18F15Al,-0.12404,0,1,9.29,0,1,0,0.78,0,0,7,723.34,7,-0.525,1.19,0,2,0
73,4,C10H7NOF2:C3H9Al,-0.07812,0,1,9.29,0,1,0,0.79,9,0,7,267.28,7,-0.646,0.93,0,2,0
73,5,C10H7NOF2:C2H5AlCl2,-0.11096,0,1,9.29,0,1,0,1.02,5,0,7,322.13,7,-0.359,0.99,0,2,0
73,6,C10H7NOF2:BH3,-0.26388,1,1,9.29,0,0,0,0.72,3,0,7,209.02,7,0.0,0.91,0,2,0
73,7,C10H7NOF2:BF3,-0.20066,1,1,9.29,0,0,0,0.67,0,0,7,262.99,7,0.0,1.3,0,2,0
73,8,C10H7NOF2:BCl3,-0.25536,1,1,9.29,0,0,0,1.36,0,0,7,312.34,7,0.0,1.16,0,2,0
73,9,C10H7NOF2:BBr3,-0.24386,1,1,9.29,0,0,0,1.73,0,0,7,445.69,7,0.0,1.09,0,2,0
73,11,C10H7NOF2:BI3,-0.20078,1,1,9.29,0,0,0,2.71,0,0,7,586.69,7,0.0,0.97,0,2,0
74,1,C17H12N2O:AlCl3,-0.1419,0,1,8.13,0,1,0,1.89,0,0,10,393.64,12,0.0,1.1,0,8,0
74,2,C17H12N2O:AlH3,-0.13078,0,1,8.13,0,1,0,1.25,3,0,10,290.32,12,0.0,0.86,0,8,0
74,3,C17H12N2O:C18F15Al,-0.15146,0,1,8.13,0,1,0,0.78,0,0,10,788.47,12,-0.525,1.19,0,8,0
74,4,C17H12N2O:C3H9Al,-0.11644,0,1,8.13,0,1,0,0.79,9,0,10,332.41,12,-0.646,0.93,0,8,0
74,5,C17H12N2O:C2H5AlCl2,-0.12922,0,1,8.13,0,1,0,1.02,5,0,10,387.26,12,-0.359,0.99,0,8,0
74,6,C17H12N2O:BH3,-0.30748,1,1,8.13,0,0,0,0.72,3,0,10,274.15,12,0.0,0.91,0,8,0
74,7,C17H12N2O:BF3,-0.25666,1,1,8.13,0,0,0,0.67,0,0,10,328.12,12,0.0,1.3,0,8,0
74,8,C17H12N2O:BCl3,-0.2899,1,1,8.13,0,0,0,1.36,0,0,10,377.47,12,0.0,1.16,0,8,0
74,9,C17H12N2O:BBr3,-0.27464,1,1,8.13,0,0,0,1.73,0,0,10,510.82,12,0.0,1.09,0,8,0
74,10,C17H12N2O:C18BF15,-0.3362,1,1,8.13,0,0,0,0.72,0,0,10,772.3,12,-0.525,1.2,0,8,0
74,11,C17H12N2O:BI3,-0.23994,1,1,8.13,0,0,0,2.71,0,0,10,651.82,12,0.0,0.97,0,8,0
74,12,C17H12N2O:O2S,-0.0979,0,1,8.13,0,0,0,0.85,0,0,10,324.38,12,0.0,1.24,0,8,0
75,1,C19H16N2O:AlCl3,-0.12874,0,1,7.59,0,1,0,1.89,0,0,16,421.7,16,0.0,1.1,0,8,0
75,2,C19H16N2O:AlH3,-0.11328,0,1,7.59,0,1,0,1.25,3,0,16,318.38,16,0.0,0.86,0,8,0
75,3,C19H16N2O:C18F15Al,-0.12176,0,1,7.59,0,1,0,0.78,0,0,16,816.53,16,-0.525,1.19,0,8,0
75,4,C19H16N2O:C3H9Al,-0.09936,0,1,7.59,0,1,0,0.79,9,0,16,360.47,16,-0.646,0.93,0,8,0
75,5,C19H16N2O:C2H5AlCl2,-0.11936,0,1,7.59,0,1,0,1.02,5,0,16,415.32,16,-0.359,0.99,0,8,0
75,6,C19H16N2O:BH3,-0.28558,1,1,7.59,0,0,0,0.72,3,0,16,302.21,16,0.0,0.91,0,8,0
75,7,C19H16N2O:BF3,-0.24012,1,1,7.59,0,0,0,0.67,0,0,16,356.18,16,0.0,1.3,0,8,0
75,8,C19H16N2O:BCl3,-0.26716,1,1,7.59,0,0,0,1.36,0,0,16,405.53,16,0.0,1.16,0,8,0
75,9,C19H16N2O:BBr3,-0.25194,1,1,7.59,0,0,0,1.73,0,0,16,538.88,16,0.0,1.09,0,8,0
75,10,C19H16N2O:C18BF15,-0.01499,1,1,7.59,0,0,0,0.72,0,0,16,800.36,16,-0.525,1.2,0,8,0
75,11,C19H16N2O:BI3,-0.2178,1,1,7.59,0,0,0,2.71,0,0,16,679.88,16,0.0,0.97,0,8,0
75,12,C19H16N2O:O2S,-0.11514,0,1,7.59,0,0,0,0.85,0,0,16,352.44,16,0.0,1.24,0,8,0
76,1,C12H11N:AlCl3,-0.16164,0,0,7.05,0,1,0,1.89,0,0,10,302.57,11,0.0,1.1,0,6,0
76,2,C12H11N:AlH3,-0.15492,0,0,7.05,0,1,0,1.25,3,0,10,199.25,11,0.0,0.86,0,6,0
76,3,C12H11N:C18F15Al,-0.16358,0,0,7.05,0,1,0,0.78,0,0,10,697.4,11,-0.525,1.19,0,6,0
76,4,C12H11N:C3H9Al,-0.14476,0,0,7.05,0,1,0,0.79,9,0,10,241.34,11,-0.646,0.93,0,6,0
76,5,C12H11N:C2H5AlCl2,-0.15338,0,0,7.05,0,1,0,1.02,5,0,10,296.19,11,-0.359,0.99,0,6,0
76,6,C12H11N:BH3,-0.34276,1,0,7.05,0,0,0,0.72,3,0,10,183.08,11,0.0,0.91,0,6,0
76,7,C12H11N:BF3,-0.2956,1,0,7.05,0,0,0,0.67,0,0,10,237.05,11,0.0,1.3,0,6,0
76,8,C12H11N:BCl3,-0.31536,1,0,7.05,0,0,0,1.36,0,0,10,286.4,11,0.0,1.16,0,6,0
76,9,C12H11N:BBr3,-0.29996,1,0,7.05,0,0,0,1.73,0,0,10,419.75,11,0.0,1.09,0,6,0
76,10,C12H11N:C18BF15,-0.36446,1,0,7.05,0,0,0,0.72,0,0,10,681.23,11,-0.525,1.2,0,6,0
76,11,C12H11N:BI3,-0.27132,1,0,7.05,0,0,0,2.71,0,0,10,560.75,11,0.0,0.97,0,6,0
76,12,C12H11N:O2S,-0.16944,0,0,7.05,0,0,0,0.85,0,0,10,233.31,11,0.0,1.24,0,6,0
77,1,C13H13N:AlCl3,-0.14008,0,0,6.79,0,1,0,1.89,0,0,13,316.6,13,0.0,1.1,0,6,0
77,2,C13H13N:AlH3,-0.13338,0,0,6.79,0,1,0,1.25,3,0,13,213.28,13,0.0,0.86,0,6,0
77,3,C13H13N:C18F15Al,-0.15296,0,0,6.79,0,1,0,0.78,0,0,13,711.43,13,-0.525,1.19,0,6,0
77,4,C13H13N:C3H9Al,-0.12504,0,0,6.79,0,1,0,0.79,9,0,13,255.37,13,-0.646,0.93,0,6,0
77,5,C13H13N:C2H5AlCl2,-0.1298,0,0,6.79,0,1,0,1.02,5,0,13,310.22,13,-0.359,0.99,0,6,0
77,6,C13H13N:BH3,-0.32382,1,0,6.79,0,0,0,0.72,3,0,13,197.11,13,0.0,0.91,0,6,0
77,7,C13H13N:BF3,-0.2835,1,0,6.79,0,0,0,0.67,0,0,13,251.08,13,0.0,1.3,0,6,0
77,8,C13H13N:BCl3,-0.28886,1,0,6.79,0,0,0,1.36,0,0,13,300.43,13,0.0,1.16,0,6,0
77,9,C13H13N:BBr3,-0.27234,1,0,6.79,0,0,0,1.73,0,0,13,433.78,13,0.0,1.09,0,6,0
77,10,C13H13N:C18BF15,-0.34832,1,0,6.79,0,0,0,0.72,0,0,13,695.26,13,-0.525,1.2,0,6,0
77,11,C13H13N:BI3,-0.24326,1,0,6.79,0,0,0,2.71,0,0,13,574.78,13,0.0,0.97,0,6,0
77,12,C13H13N:O2S,-0.20206,0,0,6.79,0,0,0,0.85,0,0,13,247.34,13,0.0,1.24,0,6,0
78,1,C12H7NO2:AlCl3,-0.12312,0,2,8.96,0,1,0,1.89,0,0,6,330.53,7,0.0,1.1,0,6,0
78,2,C12H7NO2:AlH3,-0.10128,0,2,8.96,0,1,0,1.25,3,0,6,227.21,7,0.0,0.86,0,6,0
78,3,C12H7NO2:C18F15Al,-0.12276,0,2,8.96,0,1,0,0.78,0,0,6,725.36,7,-0.525,1.19,0,6,0
78,4,C12H7NO2:C3H9Al,-0.06722,0,2,8.96,0,1,0,0.79,9,0,6,269.3,7,-0.646,0.93,0,6,0
78,5,C12H7NO2:C2H5AlCl2,-0.10904,0,2,8.96,0,1,0,1.02,5,0,6,324.15,7,-0.359,0.99,0,6,0
78,6,C12H7NO2:BH3,-0.2547,1,2,8.96,0,0,0,0.72,3,0,6,211.04,7,0.0,0.91,0,6,0
78,7,C12H7NO2:BF3,-0.0035,1,2,8.96,0,0,0,0.67,0,0,6,265.01,7,0.0,1.3,0,6,0
79,1,C13H9NO2:AlCl3,-0.12126,0,2,8.45,0,1,0,1.89,0,0,9,344.56,9,0.0,1.1,0,6,0
79,2,C13H9NO2:AlH3,-0.086,0,2,8.45,0,1,0,1.25,3,0,9,241.24,9,0.0,0.86,0,6,0
79,3,C13H9NO2:C18F15Al,-0.10602,0,2,8.45,0,1,0,0.78,0,0,9,739.39,9,-0.525,1.19,0,6,0
79,5,C13H9NO2:C2H5AlCl2,-0.101,0,2,8.45,0,1,0,1.02,5,0,9,338.18,9,-0.359,0.99,0,6,0
79,6,C13H9NO2:BH3,-0.23784,1,2,8.45,0,0,0,0.72,3,0,9,225.07,9,0.0,0.91,0,6,0
79,7,C13H9NO2:BF3,-0.00264,1,2,8.45,0,0,0,0.67,0,0,9,279.04,9,0.0,1.3,0,6,0
79,12,C13H9NO2:O2S,-0.00948,0,2,8.45,0,0,0,0.85,0,0,9,275.3,9,0.0,1.24,0,6,0
80,1,C17H8N2OF4:AlCl3,-0.13678,0,1,10.38,0,1,0,1.89,0,0,6,465.6,8,0.0,1.1,0,4,0
80,2,C17H8N2OF4:AlH3,-0.13028,0,1,10.38,0,1,0,1.25,3,0,6,362.28,8,0.0,0.86,0,4,0
80,3,C17H8N2OF4:C18F15Al,-0.12298,0,1,10.38,0,1,0,0.78,0,0,6,860.43,8,-0.525,1.19,0,4,0
80,4,C17H8N2OF4:C3H9Al,-0.10884,0,1,10.38,0,1,0,0.79,9,0,6,404.37,8,-0.646,0.93,0,4,0
80,5,C17H8N2OF4:C2H5AlCl2,-0.1217,0,1,10.38,0,1,0,1.02,5,0,6,459.22,8,-0.359,0.99,0,4,0
80,6,C17H8N2OF4:BH3,-0.32418,1,1,10.38,0,0,0,0.72,3,0,6,346.11,8,0.0,0.91,0,4,0
80,7,C17H8N2OF4:BF3,-0.25276,1,1,10.38,0,0,0,0.67,0,0,6,400.08,8,0.0,1.3,0,4,0
80,8,C17H8N2OF4:BCl3,-0.2774,1,1,10.38,0,0,0,1.36,0,0,6,449.43,8,0.0,1.16,0,4,0
80,9,C17H8N2OF4:BBr3,-0.26706,1,1,10.38,0,0,0,1.73,0,0,6,582.78,8,0.0,1.09,0,4,0
80,10,C17H8N2OF4:C18BF15,-0.30742,1,1,10.38,0,0,0,0.72,0,0,6,844.26,8,-0.525,1.2,0,4,0
80,11,C17H8N2OF4:BI3,-0.22102,1,1,10.38,0,0,0,2.71,0,0,6,723.78,8,0.0,0.97,0,4,0
80,12,C17H8N2OF4:O2S,-0.07436,0,1,10.38,0,0,0,0.85,0,0,6,396.34,8,0.0,1.24,0,4,0
81,1,C19H12N2OF4:AlCl3,-0.12404,0,1,9.48,0,1,0,1.89,0,0,12,493.66,12,0.0,1.1,0,4,0
81,2,C19H12N2OF4:AlH3,-0.10972,0,1,9.48,0,1,0,1.25,3,0,12,390.34,12,0.0,0.86,0,4,0
81,3,C19H12N2OF4:C18F15Al,-0.12324,0,1,9.48,0,1,0,0.78,0,0,12,888.49,12,-0.525,1.19,0,4,0
81,4,C19H12N2OF4:C3H9Al,-0.09336,0,1,9.48,0,1,0,0.79,9,0,12,432.43,12,-0.646,0.93,0,4,0
81,5,C19H12N2OF4:C2H5AlCl2,-0.11436,0,1,9.48,0,1,0,1.02,5,0,12,487.28,12,-0.359,0.99,0,4,0
81,6,C19H12N2OF4:BH3,-0.28742,1,1,9.48,0,0,0,0.72,3,0,12,374.17,12,0.0,0.91,0,4,0
81,7,C19H12N2OF4:BF3,-0.2349,1,1,9.48,0,0,0,0.67,0,0,12,428.14,12,0.0,1.3,0,4,0
81,8,C19H12N2OF4:BCl3,-0.25978,1,1,9.48,0,0,0,1.36,0,0,12,477.49,12,0.0,1.16,0,4,0
81,9,C19H12N2OF4:BBr3,-0.24452,1,1,9.48,0,0,0,1.73,0,0,12,610.84,12,0.0,1.09,0,4,0
81,10,C19H12N2OF4:C18BF15,-0.2878,1,1,9.48,0,0,0,0.72,0,0,12,872.32,12,-0.525,1.2,0,4,0
81,11,C19H12N2OF4:BI3,-0.19404,1,1,9.48,0,0,0,2.71,0,0,12,751.84,12,0.0,0.97,0,4,0
81,12,C19H12N2OF4:O2S,-0.09728,0,1,9.48,0,0,0,0.85,0,0,12,424.4,12,0.0,1.24,0,4,0
82,1,C12H7NF4:AlCl3,-0.15754,0,0,10.05,0,1,0,1.89,0,0,6,374.53,7,0.0,1.1,0,2,0
82,2,C12H7NF4:AlH3,-0.14968,0,0,10.05,0,1,0,1.25,3,0,6,271.21,7,0.0,0.86,0,2,0
82,3,C12H7NF4:C18F15Al,-0.1603,0,0,10.05,0,1,0,0.78,0,0,6,769.36,7,-0.525,1.19,0,2,0
82,4,C12H7NF4:C3H9Al,-0.14152,0,0,10.05,0,1,0,0.79,9,0,6,313.3,7,-0.646,0.93,0,2,0
82,5,C12H7NF4:C2H5AlCl2,-0.1498,0,0,10.05,0,1,0,1.02,5,0,6,368.15,7,-0.359,0.99,0,2,0
82,6,C12H7NF4:BH3,-0.33692,1,0,10.05,0,0,0,0.72,3,0,6,255.04,7,0.0,0.91,0,2,0
82,7,C12H7NF4:BF3,-0.28722,1,0,10.05,0,0,0,0.67,0,0,6,309.01,7,0.0,1.3,0,2,0
82,8,C12H7NF4:BCl3,-0.30734,1,0,10.05,0,0,0,1.36,0,0,6,358.36,7,0.0,1.16,0,2,0
82,9,C12H7NF4:BBr3,-0.29174,1,0,10.05,0,0,0,1.73,0,0,6,491.71,7,0.0,1.09,0,2,0
82,10,C12H7NF4:C18BF15,-0.35648,1,0,10.05,0,0,0,0.72,0,0,6,753.19,7,-0.525,1.2,0,2,0
82,11,C12H7NF4:BI3,-0.25632,1,0,10.05,0,0,0,2.71,0,0,6,632.71,7,0.0,0.97,0,2,0
82,12,C12H7NF4:O2S,-0.14664,0,0,10.05,0,0,0,0.85,0,0,6,305.27,7,0.0,1.24,0,2,0
83,1,C13H9NF4:AlCl3,-0.1448,0,0,9.45,0,1,0,1.89,0,0,9,388.56,9,0.0,1.1,0,2,0
83,2,C13H9NF4:AlH3,-0.13712,0,0,9.45,0,1,0,1.25,3,0,9,285.24,9,0.0,0.86,0,2,0
83,3,C13H9NF4:C18F15Al,-0.14464,0,0,9.45,0,1,0,0.78,0,0,9,783.39,9,-0.525,1.19,0,2,0
83,4,C13H9NF4:C3H9Al,-0.12782,0,0,9.45,0,1,0,0.79,9,0,9,327.33,9,-0.646,0.93,0,2,0
83,5,C13H9NF4:C2H5AlCl2,-0.1375,0,0,9.45,0,1,0,1.02,5,0,9,382.18,9,-0.359,0.99,0,2,0
83,6,C13H9NF4:BH3,-0.31946,1,0,9.45,0,0,0,0.72,3,0,9,269.07,9,0.0,0.91,0,2,0
83,7,C13H9NF4:BF3,-0.26886,1,0,9.45,0,0,0,0.67,0,0,9,323.04,9,0.0,1.3,0,2,0
83,8,C13H9NF4:BCl3,-0.28244,1,0,9.45,0,0,0,1.36,0,0,9,372.39,9,0.0,1.16,0,2,0
83,9,C13H9NF4:BBr3,-0.26776,1,0,9.45,0,0,0,1.73,0,0,9,505.74,9,0.0,1.09,0,2,0
83,10,C13H9NF4:C18BF15,-0.31648,1,0,9.45,0,0,0,0.72,0,0,9,767.22,9,-0.525,1.2,0,2,0
83,11,C13H9NF4:BI3,-0.23764,1,0,9.45,0,0,0,2.71,0,0,9,646.74,9,0.0,0.97,0,2,0
83,12,C13H9NF4:O2S,-0.14838,0,0,9.45,0,0,0,0.85,0,0,9,319.3,9,0.0,1.24,0,2,0
84,1,C12H5NO2F2:AlCl3,-0.12982,0,2,10.6,0,1,0,1.89,0,0,4,366.51,5,0.0,1.1,0,4,0
84,2,C12H5NO2F2:AlH3,-0.09886,0,2,10.6,0,1,0,1.25,3,0,4,263.19,5,0.0,0.86,0,4,0
84,3,C12H5NO2F2:C18F15Al,-0.11822,0,2,10.6,0,1,0,0.78,0,0,4,761.34,5,-0.525,1.19,0,4,0
84,4,C12H5NO2F2:C3H9Al,-0.06396,0,2,10.6,0,1,0,0.79,9,0,4,305.28,5,-0.646,0.93,0,4,0
84,5,C12H5NO2F2:C2H5AlCl2,-0.10576,0,2,10.6,0,1,0,1.02,5,0,4,360.13,5,-0.359,0.99,0,4,0
84,6,C12H5NO2F2:BH3,-0.2518,1,2,10.6,0,0,0,0.72,3,0,4,247.02,5,0.0,0.91,0,4,0
84,7,C12H5NO2F2:BF3,-0.00282,1,2,10.6,0,0,0,0.67,0,0,4,300.99,5,0.0,1.3,0,4,0
84,10,C12H5NO2F2:C18BF15,-0.28724,1,2,10.6,0,0,0,0.72,0,0,4,745.17,5,-0.525,1.2,0,4,0
85,1,C5H3NF2:AlCl3,-0.14946,0,0,10.46,0,1,0,1.89,0,0,1,248.42,3,0.0,1.1,0,1,0
85,2,C5H3NF2:AlH3,-0.13896,0,0,10.46,0,1,0,1.25,3,0,1,145.1,3,0.0,0.86,0,1,0
85,3,C5H3NF2:C18F15Al,-0.15798,0,0,10.46,0,1,0,0.78,0,0,1,643.25,3,-0.525,1.19,0,1,0
85,4,C5H3NF2:C3H9Al,-0.129,0,0,10.46,0,1,0,0.79,9,0,1,187.19,3,-0.646,0.93,0,1,0
85,5,C5H3NF2:C2H5AlCl2,-0.1347,0,0,10.46,0,1,0,1.02,5,0,1,242.04,3,-0.359,0.99,0,1,0
85,6,C5H3NF2:BH3,-0.30388,1,0,10.46,0,0,0,0.72,3,0,1,128.93,3,0.0,0.91,0,1,0
85,7,C5H3NF2:BF3,-0.27766,1,0,10.46,0,0,0,0.67,0,0,1,182.9,3,0.0,1.3,0,1,0
85,8,C5H3NF2:BCl3,-0.2988,1,0,10.46,0,0,0,1.36,0,0,1,232.25,3,0.0,1.16,0,1,0
85,9,C5H3NF2:BBr3,-0.27884,1,0,10.46,0,0,0,1.73,0,0,1,365.6,3,0.0,1.09,0,1,0
85,10,C5H3NF2:C18BF15,-0.35428,1,0,10.46,0,0,0,0.72,0,0,1,627.08,3,-0.525,1.2,0,1,0
85,11,C5H3NF2:BI3,-0.2263,1,0,10.46,0,0,0,2.71,0,0,1,506.6,3,0.0,0.97,0,1,0
85,12,C5H3NF2:O2S,-0.09426,0,0,10.46,0,0,0,0.85,0,0,1,179.16,3,0.0,1.24,0,1,0
86,1,CH2NF3:AlCl3,-0.1596,0,0,12.15,0,1,0,1.89,0,0,0,218.37,2,0.0,1.1,1,0,0
86,2,CH2NF3:AlH3,-0.14784,0,0,12.15,0,1,0,1.25,3,0,0,115.05,2,0.0,0.86,1,0,0
86,3,CH2NF3:C18F15Al,-0.16392,0,0,12.15,0,1,0,0.78,0,0,0,613.2,2,-0.525,1.19,1,0,0
86,4,CH2NF3:C3H9Al,-0.1387,0,0,12.15,0,1,0,0.79,9,0,0,157.14,2,-0.646,0.93,1,0,0
86,5,CH2NF3:C2H5AlCl2,-0.15138,0,0,12.15,0,1,0,1.02,5,0,0,211.99,2,-0.359,0.99,1,0,0
86,6,CH2NF3:BH3,-0.32412,1,0,12.15,0,0,0,0.72,3,0,0,98.88,2,0.0,0.91,1,0,0
86,7,CH2NF3:BF3,-0.23146,1,0,12.15,0,0,0,0.67,0,0,0,152.85,2,0.0,1.3,1,0,0
86,8,CH2NF3:BCl3,-0.30846,1,0,12.15,0,0,0,1.36,0,0,0,202.2,2,0.0,1.16,1,0,0
86,9,CH2NF3:BBr3,-0.3067,1,0,12.15,0,0,0,1.73,0,0,0,335.55,2,0.0,1.09,1,0,0
86,10,CH2NF3:C18BF15,-0.36388,1,0,12.15,0,0,0,0.72,0,0,0,597.03,2,-0.525,1.2,1,0,0
86,11,CH2NF3:BI3,-0.26136,1,0,12.15,0,0,0,2.71,0,0,0,476.55,2,0.0,0.97,1,0,0
86,12,CH2NF3:O2S,-0.03454,0,0,12.15,0,0,0,0.85,0,0,0,149.11,2,0.0,1.24,1,0,0
87,1,C2NF3:AlCl3,-0.13404,0,0,15.84,0,1,0,1.89,0,0,0,228.36,0,0.0,1.1,0,0,0
87,2,C2NF3:AlH3,-0.11686,0,0,15.84,0,1,0,1.25,3,0,0,125.04,0,0.0,0.86,0,0,0
87,3,C2NF3:C18F15Al,-0.15508,0,0,15.84,0,1,0,0.78,0,0,0,623.19,0,-0.525,1.19,0,0,0
87,4,C2NF3:C3H9Al,-0.11362,0,0,15.84,0,1,0,0.79,9,0,0,167.13,0,-0.646,0.93,0,0,0
87,5,C2NF3:C2H5AlCl2,-0.12732,0,0,15.84,0,1,0,1.02,5,0,0,221.98,0,-0.359,0.99,0,0,0
87,6,C2NF3:BH3,-0.23648,1,0,15.84,0,0,0,0.72,3,0,0,108.87,0,0.0,0.91,0,0,0
87,7,C2NF3:BF3,-0.02616,1,0,15.84,0,0,0,0.67,0,0,0,162.84,0,0.0,1.3,0,0,0
87,8,C2NF3:BCl3,-0.26546,1,0,15.84,0,0,0,1.36,0,0,0,212.19,0,0.0,1.16,0,0,0
87,9,C2NF3:BBr3,-0.2427,1,0,15.84,0,0,0,1.73,0,0,0,345.54,0,0.0,1.09,0,0,0
87,10,C2NF3:C18BF15,-0.33296,1,0,15.84,0,0,0,0.72,0,0,0,607.02,0,-0.525,1.2,0,0,0
87,11,C2NF3:BI3,-0.11438,1,0,15.84,0,0,0,2.71,0,0,0,486.54,0,0.0,0.97,0,0,0
88,1,C4H9N:AlCl3,-0.16024,0,0,5.08,0,1,0,1.89,0,0,4,204.47,9,0.0,1.1,0,0,0
88,2,C4H9N:AlH3,-0.15682,0,0,5.08,0,1,0,1.25,3,0,4,101.15,9,0.0,0.86,0,0,0
88,3,C4H9N:C18F15Al,-0.17068,0,0,5.08,0,1,0,0.78,0,0,4,599.3,9,-0.525,1.19,0,0,0
88,4,C4H9N:C3H9Al,-0.14692,0,0,5.08,0,1,0,0.79,9,0,4,143.24,9,-0.646,0.93,0,0,0
88,5,C4H9N:C2H5AlCl2,-0.15396,0,0,5.08,0,1,0,1.02,5,0,4,198.09,9,-0.359,0.99,0,0,0
88,6,C4H9N:BH3,-0.35018,1,0,5.08,0,0,0,0.72,3,0,4,84.98,9,0.0,0.91,0,0,0
88,7,C4H9N:BF3,-0.30884,1,0,5.08,0,0,0,0.67,0,0,4,138.95,9,0.0,1.3,0,0,0
88,8,C4H9N:BCl3,-0.3227,1,0,5.08,0,0,0,1.36,0,0,4,188.3,9,0.0,1.16,0,0,0
88,9,C4H9N:BBr3,-0.30714,1,0,5.08,0,0,0,1.73,0,0,4,321.65,9,0.0,1.09,0,0,0
88,10,C4H9N:C18BF15,-0.3732,1,0,5.08,0,0,0,0.72,0,0,4,583.13,9,-0.525,1.2,0,0,0
88,11,C4H9N:BI3,-0.28062,1,0,5.08,0,0,0,2.71,0,0,4,462.65,9,0.0,0.97,0,0,0
88,12,C4H9N:O2S,-0.19204,0,0,5.08,0,0,0,0.85,0,0,4,135.21,9,0.0,1.24,0,0,0
89,1,C4H7NF2:AlCl3,-0.15058,0,0,7.65,0,1,0,1.89,0,0,6,240.45,7,0.0,1.1,0,0,0
89,2,C4H7NF2:AlH3,-0.14762,0,0,7.65,0,1,0,1.25,3,0,6,137.13,7,0.0,0.86,0,0,0
89,3,C4H7NF2:C18F15Al,-0.15896,0,0,7.65,0,1,0,0.78,0,0,6,635.28,7,-0.525,1.19,0,0,0
89,4,C4H7NF2:C3H9Al,-0.13708,0,0,7.65,0,1,0,0.79,9,0,6,179.22,7,-0.646,0.93,0,0,0
89,5,C4H7NF2:C2H5AlCl2,-0.1571,0,0,7.65,0,1,0,1.02,5,0,6,234.07,7,-0.359,0.99,0,0,0
89,6,C4H7NF2:BH3,-0.34024,1,0,7.65,0,0,0,0.72,3,0,6,120.96,7,0.0,0.91,0,0,0
89,7,C4H7NF2:BF3,-0.29444,1,0,7.65,0,0,0,0.67,0,0,6,174.93,7,0.0,1.3,0,0,0
89,8,C4H7NF2:BCl3,-0.30642,1,0,7.65,0,0,0,1.36,0,0,6,224.28,7,0.0,1.16,0,0,0
89,9,C4H7NF2:BBr3,-0.2902,1,0,7.65,0,0,0,1.73,0,0,6,357.63,7,0.0,1.09,0,0,0
89,10,C4H7NF2:C18BF15,-0.3688,1,0,7.65,0,0,0,0.72,0,0,6,619.11,7,-0.525,1.2,0,0,0
89,11,C4H7NF2:BI3,-0.2599,1,0,7.65,0,0,0,2.71,0,0,6,498.63,7,0.0,0.97,0,0,0
89,12,C4H7NF2:O2S,-0.17673,0,0,7.65,0,0,0,0.85,0,0,6,171.19,7,0.0,1.24,0,0,0
90,1,C16H8N2F2S2:AlCl3,-0.16338,0,0,11.01,0,1,0,1.89,0,0,6,463.73,8,0.0,1.1,0,6,0
90,2,C16H8N2F2S2:AlH3,-0.14796,0,0,11.01,0,1,0,1.25,3,0,6,360.41,8,0.0,0.86,0,6,0
90,3,C16H8N2F2S2:C18F15Al,-0.19306,0,0,11.01,0,1,0,0.78,0,0,6,858.56,8,-0.525,1.19,0,6,0
90,4,C16H8N2F2S2:C3H9Al,-0.14048,0,0,11.01,0,1,0,0.79,9,0,6,402.5,8,-0.646,0.93,0,6,0
90,5,C16H8N2F2S2:C2H5AlCl2,-0.15132,0,0,11.01,0,1,0,1.02,5,0,6,457.35,8,-0.359,0.99,0,6,0
90,6,C16H8N2F2S2:BH3,-0.30184,1,0,11.01,0,0,0,0.72,3,0,6,344.24,8,0.0,0.91,0,6,0
90,7,C16H8N2F2S2:BF3,-0.26188,1,0,11.01,0,0,0,0.67,0,0,6,398.21,8,0.0,1.3,0,6,0
90,8,C16H8N2F2S2:BCl3,-0.28866,1,0,11.01,0,0,0,1.36,0,0,6,447.56,8,0.0,1.16,0,6,0
90,9,C16H8N2F2S2:BBr3,-0.26624,1,0,11.01,0,0,0,1.73,0,0,6,580.91,8,0.0,1.09,0,6,0
90,10,C16H8N2F2S2:C18BF15,-0.3486,1,0,11.01,0,0,0,0.72,0,0,6,842.39,8,-0.525,1.2,0,6,0
90,11,C16H8N2F2S2:BI3,-0.19686,1,0,11.01,0,0,0,2.71,0,0,6,721.91,8,0.0,0.97,0,6,0
90,12,C16H8N2F2S2:O2S,-0.0446,0,0,11.01,0,0,0,0.85,0,0,6,394.47,8,0.0,1.24,0,6,0
